,marketcap
0,2801388224512
1,2256182968320
2,1973864961187
3,1838538817536
4,1607290585088
5,911205269504
6,706323546112
7,643017690000
8,634299613184
9,616221769728
10,585407135744
11,491924094976
12,455573340160
13,450653421568
14,450332557312
15,416186844948
16,412741632000
17,391855538176
18,384298287104
19,382684495872
20,373159165952
21,368550248448
22,356642815520
23,355226222592
24,349251207168
25,324384948224
26,314765246464
27,298660823040
28,274258280448
29,267081449472
30,266076258304
31,264220295168
32,259435167744
33,255699337996
34,255332784458
35,251975925760
36,242617139200
37,242236588032
38,240688676864
39,237553090560
40,232977989632
41,232685535232
42,231653588992
43,231325876224
44,229509873664
45,228762140672
46,227347073873
47,226429550592
48,222772920320
49,222481285120
50,221493624832
51,217383059456
52,215612112896
53,213715451904
54,211075973120
55,209940029742
56,203761631232
57,201197188109
58,198112018432
59,197945258317
60,197326438400
61,196188962816
62,195962421248
63,195932094464
64,195609100288
65,194328576000
66,187191541490
67,186378960896
68,183286661120
69,178517524480
70,177484349440
71,176090480640
72,170884136960
73,164901158912
74,162968748032
75,161256456192
76,157794779136
77,157033791488
78,155029553152
79,154405306368
80,153759825920
81,152954044416
82,152532615168
83,152466079744
84,152257724416
85,151957176320
86,149676916736
87,149623767040
88,148494761984
89,148317421568
90,146917982208
91,146353141030
92,144427778048
93,142969061376
94,141442646016
95,140742230016
96,140605489152
97,140071776752
98,138172416000
99,137131671552
100,136633262080
101,135489044480
102,134910550016
103,132895023104
104,132507648000
105,131676151808
106,125906845696
107,124500041728
108,124395549741
109,124295962624
110,124113117184
111,123913691136
112,123803541504
113,123549360128
114,123010965504
115,122806730752
116,121030189056
117,120882356224
118,119241146368
119,114905817204
120,114710921216
121,114640003072
122,114009343583
123,113621704704
124,113222737920
125,113172713399
126,112775667712
127,112414670848
128,112150249472
129,110040670208
130,109827554506
131,109775055438
132,109704192000
133,109593968640
134,109497065472
135,109083402240
136,108091039744
137,106844774400
138,106819207168
139,106520333203
140,105781264384
141,105501564928
142,104605253632
143,102444720128
144,102218252288
145,101962727424
146,101234106368
147,100491247616
148,100426047488
149,100334280704
150,99979640832
151,99868188672
152,99550619138
153,97737195520
154,97420555356
155,96752012231
156,96365346816
157,95966666752
158,94776606720
159,94681767365
160,94128300032
161,94016364544
162,93684514816
163,93627195392
164,92993085440
165,92164423680
166,92128374137
167,91870044160
168,90892222464
169,90180763648
170,89349734400
171,88439685120
172,88386936832
173,88339275776
174,88074002432
175,87985135616
176,87891787776
177,87215357952
178,87074054144
179,87070690774
180,86520864768
181,85824249620
182,85356666880
183,85336580096
184,85306097664
185,85259321344
186,85242600054
187,84483735552
188,84470593379
189,82821521408
190,81900385540
191,81239714898
192,80725147648
193,80706895872
194,80273244160
195,79955034112
196,79792685418
197,79706112000
198,79643082752
199,79413320783
200,78181203968
201,78057127936
202,77273284608
203,77188030464
204,77025509376
205,76998836224
206,76680282112
207,76350021632
208,74666196992
209,74635026432
210,74395762688
211,74155587283
212,73682640896
213,73616596992
214,73428123648
215,73307824128
216,73210363904
217,73200058368
218,73076536726
219,72832106496
220,72495366144
221,72284856320
222,72016060416
223,71737270272
224,71695474688
225,71694423079
226,71654949894
227,71636033536
228,71546314752
229,71372534141
230,71072890143
231,70566723584
232,70513983488
233,70130343936
234,70112141312
235,70065963008
236,69911969792
237,69479710720
238,69382234112
239,68587487232
240,68371914752
241,68257226752
242,68044983538
243,67801953595
244,67654168576
245,67103973376
246,67041053666
247,66930458624
248,66837958656
249,66793934199
250,66783784960
251,66026883263
252,65768890368
253,65010028544
254,64981471232
255,64930320384
256,64580890624
257,64120782460
258,64084470091
259,63758041088
260,63729309867
261,63610028032
262,63545088394
263,63506628933
264,63412641792
265,63140442112
266,63041392640
267,62983163904
268,62875219841
269,62862266368
270,62823707561
271,62748143616
272,62557212672
273,62064764068
274,61935034368
275,61909667840
276,61619774470
277,61528485888
278,61146316800
279,61035048451
280,60772964872
281,60710511977
282,60693467136
283,60390764544
284,60203315200
285,59965300736
286,59841818624
287,59824594944
288,59811778560
289,59754516480
290,59570254649
291,59544879104
292,59244101632
293,59225432064
294,59112501248
295,59081203712
296,59037229056
297,58888962048
298,58886464794
299,58564948379
300,58517344256
301,58313752576
302,58251022336
303,58133241856
304,57915390448
305,57881939968
306,57599507932
307,57390288896
308,57123487744
309,56863621120
310,56852189184
311,56608559104
312,56595697664
313,56514113536
314,56428866265
315,56400367616
316,56018936373
317,55670811566
318,55630299136
319,55345451008
320,55291465728
321,55149494272
322,55012036988
323,54690713600
324,54565130614
325,54496083968
326,54229498276
327,54157983744
328,54076403712
329,54066548736
330,53883305984
331,53765569495
332,53499195392
333,53397282816
334,53274005504
335,52968153088
336,52919349248
337,52899102720
338,52756832256
339,52720259072
340,52540022240
341,52367523840
342,52232130560
343,52192509952
344,52090929152
345,52044845056
346,51848277153
347,51777498585
348,51685810176
349,51654283264
350,51555225600
351,51438059520
352,51304112128
353,50735386624
354,50635665408
355,50533453824
356,50416558080
357,50304004323
358,50259386368
359,50230468608
360,50058027008
361,50044506112
362,50031000537
363,49788047360
364,49582331859
365,49222066176
366,49142386688
367,49112269205
368,48937943040
369,48745824256
370,48580430839
371,48564085096
372,48541859205
373,48395919360
374,47876298053
375,47831591550
376,47619878912
377,47550640128
378,47504846848
379,47357285574
380,47316209656
381,47152767892
382,47141203968
383,47108868580
384,46980554752
385,46893400064
386,46834429952
387,46820073472
388,46753062912
389,46677688320
390,46628245504
391,46619684864
392,46562639872
393,46552281088
394,46477905920
395,46209810620
396,46071513088
397,45897633812
398,45709766647
399,45709672448
400,45618835456
401,45335376769
402,45175118497
403,45084057600
404,45038657536
405,45031317504
406,44885336064
407,44852920320
408,44793847808
409,44733411328
410,44580786176
411,44557549568
412,44512672130
413,44402597888
414,44276416512
415,44270498346
416,44078604288
417,43925356544
418,43902734336
419,43823278608
420,43749167104
421,43647393792
422,43593526453
423,43516887177
424,43495202816
425,43455860151
426,43280015360
427,43213185024
428,43140513792
429,42951467008
430,42745380864
431,42719928320
432,42671087616
433,42614476800
434,42564653056
435,42527997952
436,42514763776
437,42498666496
438,42439148233
439,42378022912
440,42246668288
441,42197755998
442,42171080704
443,42162376704
444,42148413440
445,42057246168
446,42039697658
447,42003996672
448,41909362688
449,41869680640
450,41737154560
451,41664983040
452,41622125662
453,41616546589
454,41447092224
455,41439059968
456,41429233664
457,41415847936
458,41377689600
459,41324797952
460,41196580864
461,41102524416
462,41014988800
463,40990756864
464,40986021888
465,40971464704
466,40948736000
467,40790593536
468,40779025141
469,40749210492
470,40662126592
471,40591175680
472,40501426163
473,40475422720
474,40474932296
475,40405335459
476,40237088768
477,40150347776
478,40087150592
479,39962718208
480,39790317842
481,39695602091
482,39620268032
483,39618238811
484,39617888256
485,39589322752
486,39584403456
487,39443898368
488,39405056000
489,39204159393
490,39049498624
491,39042222212
492,39027761152
493,38879072256
494,38694080018
495,38637207552
496,38618717040
497,38575009792
498,38494650368
499,38461067264
500,38293221376
501,38166860616
502,38157774848
503,38132439010
504,38131060736
505,38105284608
506,37986591617
507,37859708928
508,37679210798
509,37659283456
510,37654521416
511,37623693312
512,37542842368
513,37400412160
514,37313568768
515,37286653952
516,36998332052
517,36962211659
518,36893265920
519,36860503955
520,36830359552
521,36804825088
522,36752007168
523,36746432512
524,36665073664
525,36647706527
526,36643971072
527,36605095936
528,36602601472
529,36501397504
530,36462542401
531,36401704543
532,36353093632
533,36281995264
534,36268237056
535,36245065728
536,36035824505
537,35999412224
538,35977695232
539,35919275418
540,35833128432
541,35831827905
542,35809443840
543,35693236224
544,35608523327
545,35603431424
546,35455392992
547,35394048000
548,35360169984
549,35347588005
550,35301515264
551,35299839928
552,35180716032
553,35139751936
554,35110879232
555,35032420326
556,35026001920
557,35013935104
558,35007033344
559,34989576192
560,34979618816
561,34913251328
562,34803658771
563,34801422336
564,34788999168
565,34765680640
566,34761547776
567,34686636032
568,34628078105
569,34598541459
570,34590818304
571,34477400064
572,34458992640
573,34431414110
574,34248775680
575,34213271552
576,34199517184
577,34148505600
578,34104958976
579,34048060008
580,33897270348
581,33773299712
582,33682245632
583,33589397504
584,33582684160
585,33560292860
586,33539947877
587,33532997632
588,33481410300
589,33475502080
590,33417845643
591,33414432163
592,33393348709
593,33317371904
594,33314818048
595,33139828736
596,33120120832
597,32991832064
598,32983353344
599,32955987968
600,32908978176
601,32886725157
602,32843884544
603,32828401664
604,32813292544
605,32807700480
606,32754042937
607,32750391296
608,32728254464
609,32724728821
610,32670506634
611,32638794196
612,32593866752
613,32585160704
614,32574380032
615,32566251520
616,32522913792
617,32493496320
618,32388752322
619,32370604032
620,32353063131
621,32351553055
622,32281948160
623,32104669184
624,31976341504
625,31957638786
626,31828584448
627,31753549824
628,31664241888
629,31590805504
630,31566131200
631,31565623296
632,31387600896
633,31368906752
634,31344078848
635,31321671992
636,31289016320
637,31142135249
638,31080956356
639,31054770176
640,30929899520
641,30866540544
642,30828865536
643,30752849920
644,30735575040
645,30733096335
646,30634661888
647,30531028992
648,30487959552
649,30440551958
650,30423394304
651,30364809216
652,30359709696
653,30353281024
654,30323736576
655,30300046950
656,30283153890
657,30240911360
658,30224640000
659,29998909440
660,29931046912
661,29901617730
662,29896981685
663,29878003712
664,29875953617
665,29864175616
666,29800536007
667,29788932096
668,29685215232
669,29670456935
670,29572256348
671,29570781184
672,29543002112
673,29520730112
674,29515704482
675,29495304192
676,29429051392
677,29373778408
678,29351239680
679,29256269824
680,29175642112
681,29158679420
682,29155788800
683,29100220416
684,29069683921
685,28992856086
686,28980289536
687,28853764096
688,28844368845
689,28817944576
690,28769933312
691,28707033130
692,28641796569
693,28600928256
694,28520315291
695,28500809339
696,28423749273
697,28252213217
698,28214636544
699,28209973248
700,28037895238
701,27855141114
702,27777197905
703,27710609089
704,27693539328
705,27690254073
706,27677233725
707,27559329324
708,27419557369
709,27408558080
710,27374706408
711,27368692073
712,27339497918
713,27334340608
714,27308983332
715,27278199878
716,27268311040
717,27266865465
718,27263338496
719,27241216406
720,27223916544
721,26994720346
722,26960095232
723,26895108096
724,26893084672
725,26827595776
726,26823723008
727,26800943104
728,26744926208
729,26710935552
730,26672748544
731,26671469445
732,26632036352
733,26626792633
734,26618928700
735,26609047552
736,26496529449
737,26487131699
738,26418452480
739,26392485888
740,26275391488
741,26240159744
742,26209437931
743,26202173440
744,26153848522
745,26113198080
746,26086311515
747,26022561792
748,26009409144
749,25988208640
750,25968618915
751,25965168640
752,25885372416
753,25750370304
754,25744295936
755,25742073242
756,25718455892
757,25708984320
758,25604200448
759,25590390784
760,25557697757
761,25505542012
762,25479931904
763,25415485440
764,25297397237
765,25290599337
766,25279830016
767,25273724293
768,25207881728
769,25149333504
770,25118961664
771,24941752320
772,24937363456
773,24915646074
774,24869588532
775,24867364864
776,24806141671
777,24787845023
778,24767283200
779,24731201416
780,24643047424
781,24616025622
782,24598101740
783,24530927616
784,24475879424
785,24469749760
786,24456878633
787,24453228454
788,24426936320
789,24425105752
790,24423915520
791,24355522892
792,24331168245
793,24258832384
794,24248170496
795,24242773816
796,24223623186
797,24208046080
798,24204169216
799,24199460864
800,24170519520
801,24099336192
802,24079424594
803,24057559040
804,24016738770
805,23986008895
806,23971525673
807,23956197376
808,23950219264
809,23815122944
810,23763054919
811,23708801235
812,23693072384
813,23669607878
814,23663460968
815,23628591104
816,23585361920
817,23565883392
818,23541053258
819,23520028672
820,23473942528
821,23430615040
822,23387136000
823,23347165184
824,23334101725
825,23328755712
826,23309642578
827,23299151872
828,23265394688
829,23265331200
830,23237005576
831,23225067520
832,23169748992
833,23153525990
834,23050739712
835,23030239232
836,22975258624
837,22939308032
838,22892488704
839,22869389312
840,22821660361
841,22801244643
842,22772520257
843,22761134478
844,22759424000
845,22758098944
846,22692216832
847,22683768789
848,22600417142
849,22594451456
850,22586396672
851,22559559680
852,22504460288
853,22444070277
854,22432079872
855,22319575040
856,22317648578
857,22277140480
858,22241912832
859,22233823899
860,22223071281
861,22190182400
862,22154449502
863,22143385600
864,22117588979
865,22075478016
866,22063089664
867,22055055845
868,22039576576
869,22004926464
870,21988472832
871,21908693727
872,21897938944
873,21887887010
874,21834145792
875,21826512896
876,21714560801
877,21680652235
878,21627023285
879,21556431299
880,21553602607
881,21501505853
882,21442674522
883,21389264896
884,21370785343
885,21364401703
886,21339530801
887,21269004288
888,21099341824
889,21088153600
890,21084217344
891,21078936174
892,21071167488
893,21009133750
894,20995335377
895,20929726464
896,20882587648
897,20878329856
898,20872323965
899,20870518784
900,20800346112
901,20626323893
902,20621430441
903,20590501888
904,20481154502
905,20393113600
906,20283035648
907,20235259126
908,20209342464
909,20198305792
910,20165160210
911,20164084097
912,20156690247
913,20143289847
914,20111652864
915,19998687482
916,19994107904
917,19983140864
918,19977420800
919,19956953395
920,19953120670
921,19941468160
922,19890509824
923,19880464507
924,19879534592
925,19864270848
926,19840678764
927,19778221852
928,19749593620
929,19728940528
930,19723810816
931,19723276288
932,19713824768
933,19683362816
934,19659325975
935,19606335488
936,19602454528
937,19595468766
938,19593420715
939,19569151739
940,19555926564
941,19549624320
942,19498625246
943,19482716302
944,19427237391
945,19411537920
946,19373226898
947,19364694016
948,19330570240
949,19293166761
950,19220904761
951,19219394560
952,19151798272
953,19102781440
954,19096729600
955,19093520384
956,19072583680
957,19063660157
958,19063285645
959,18991562752
960,18983288782
961,18957969164
962,18948424225
963,18901235053
964,18875009024
965,18807128064
966,18780065898
967,18762399250
968,18707057967
969,18701934592
970,18696669184
971,18624583680
972,18619947008
973,18603245413
974,18558208000
975,18555945046
976,18541576192
977,18479949824
978,18475022336
979,18455291904
980,18446354432
981,18403989504
982,18386693881
983,18376118272
984,18320656384
985,18296616960
986,18293829632
987,18259924992
988,18243418112
989,18227718144
990,18212014780
991,18170691584
992,18158616810
993,18151165952
994,18093868615
995,18069692416
996,18003521536
997,17992885702
998,17992310784
999,17991689220
1000,17960859648
1001,17925274295
1002,17897943040
1003,17896030051
1004,17892853760
1005,17888780288
1006,17878780099
1007,17871089184
1008,17822646272
1009,17790184674
1010,17778688000
1011,17761200350
1012,17727305728
1013,17724532736
1014,17723697152
1015,17714444188
1016,17708998656
1017,17670963200
1018,17663307776
1019,17660049408
1020,17658556416
1021,17656547328
1022,17587768616
1023,17555750876
1024,17546792960
1025,17538770223
1026,17516309195
1027,17457515770
1028,17442975263
1029,17440796672
1030,17421452205
1031,17414516736
1032,17413355520
1033,17392758784
1034,17391519744
1035,17341085696
1036,17270286336
1037,17267222528
1038,17262249984
1039,17262047232
1040,17243862383
1041,17234194295
1042,17225259008
1043,17220530081
1044,17199110144
1045,17197238272
1046,17172119552
1047,17130223616
1048,17122502656
1049,17106172650
1050,17099612982
1051,17071791104
1052,17066561610
1053,17065615203
1054,17040614908
1055,17033912320
1056,17032737792
1057,17026501963
1058,17015832017
1059,16893966336
1060,16885893120
1061,16863771647
1062,16862706198
1063,16859639808
1064,16832288221
1065,16831977241
1066,16824185856
1067,16823454720
1068,16779835392
1069,16726638592
1070,16721018143
1071,16657682432
1072,16613955584
1073,16609141118
1074,16577751040
1075,16576353280
1076,16573447695
1077,16561403904
1078,16539261952
1079,16490588160
1080,16468427776
1081,16466665472
1082,16454193152
1083,16439635994
1084,16407706624
1085,16354493440
1086,16339893572
1087,16320021149
1088,16281997312
1089,16268848373
1090,16224798720
1091,16216384512
1092,16202354688
1093,16198804288
1094,16187237442
1095,16181097472
1096,16138584064
1097,16138052869
1098,16113889746
1099,16073025621
1100,16059716608
1101,16053481472
1102,16052451833
1103,16043665408
1104,16019773336
1105,16011193344
1106,15921729536
1107,15906766848
1108,15896774205
1109,15881473024
1110,15877369147
1111,15842990038
1112,15809409827
1113,15793459200
1114,15781086208
1115,15754350269
1116,15746766646
1117,15746158510
1118,15732990976
1119,15709046016
1120,15696875040
1121,15687387136
1122,15615348991
1123,15614834688
1124,15612082413
1125,15606013952
1126,15602429039
1127,15581883392
1128,15560838864
1129,15540858880
1130,15533612032
1131,15523562547
1132,15516029952
1133,15493609260
1134,15479434760
1135,15471514596
1136,15470924800
1137,15460242432
1138,15454376960
1139,15440098304
1140,15431598080
1141,15422065664
1142,15406638676
1143,15405639494
1144,15391017984
1145,15366895616
1146,15337966186
1147,15323808506
1148,15318678996
1149,15195967876
1150,15150226040
1151,15144009070
1152,15134388431
1153,15108804608
1154,15094830852
1155,15069176617
1156,15064547962
1157,15052717056
1158,15041854464
1159,15024917504
1160,15015597056
1161,15014950247
1162,15002573824
1163,14999297729
1164,14991522989
1165,14991208520
1166,14980799488
1167,14968340480
1168,14968034843
1169,14936101962
1170,14918453248
1171,14888396321
1172,14872074240
1173,14871925760
1174,14856567808
1175,14851773440
1176,14796334080
1177,14765795328
1178,14745964544
1179,14728992031
1180,14723328000
1181,14710245376
1182,14697149440
1183,14695041943
1184,14677670290
1185,14670986240
1186,14609836438
1187,14602663936
1188,14581720064
1189,14572945408
1190,14534364160
1191,14531836362
1192,14501164048
1193,14487259334
1194,14484138129
1195,14467704832
1196,14460000256
1197,14417930313
1198,14414447616
1199,14413762560
1200,14391745536
1201,14389983232
1202,14388584448
1203,14341269504
1204,14329986761
1205,14324955136
1206,14304857088
1207,14258023424
1208,14240826368
1209,14234535464
1210,14218920960
1211,14215670677
1212,14191201280
1213,14182489394
1214,14178344960
1215,14149413269
1216,14141447168
1217,14095684608
1218,14090947073
1219,14088534016
1220,14084067328
1221,14083115008
1222,14064387072
1223,14059883043
1224,14058768384
1225,14052943261
1226,14048773705
1227,14030560707
1228,14006121528
1229,13937843200
1230,13936844390
1231,13933511680
1232,13900237824
1233,13844149248
1234,13836862496
1235,13836342985
1236,13809343257
1237,13787897856
1238,13782831573
1239,13769357277
1240,13739603170
1241,13716993024
1242,13707293738
1243,13677448611
1244,13656786301
1245,13652545737
1246,13644711341
1247,13576234653
1248,13575318528
1249,13562202112
1250,13557841026
1251,13549959272
1252,13538328576
1253,13512881152
1254,13509350627
1255,13508817920
1256,13500027904
1257,13475998195
1258,13455284224
1259,13429184467
1260,13422969796
1261,13384788992
1262,13379016216
1263,13372167663
1264,13366793216
1265,13353868411
1266,13353518080
1267,13345789972
1268,13338078164
1269,13322386432
1270,13312005854
1271,13282603910
1272,13282029325
1273,13264373361
1274,13246642781
1275,13229754368
1276,13217899766
1277,13211805696
1278,13198487552
1279,13192415232
1280,13191611632
1281,13191263232
1282,13173808728
1283,13155915327
1284,13149891232
1285,13137672192
1286,13107929088
1287,13101676937
1288,13087087418
1289,13054524343
1290,13053884416
1291,13011046145
1292,13010985173
1293,12989747627
1294,12982410739
1295,12960970283
1296,12957949763
1297,12948687872
1298,12930146304
1299,12908864489
1300,12846146914
1301,12839580672
1302,12834382192
1303,12832993749
1304,12829071360
1305,12812116625
1306,12807627776
1307,12802486888
1308,12791827456
1309,12787239936
1310,12786173952
1311,12784618543
1312,12760376320
1313,12756940245
1314,12747419223
1315,12745131008
1316,12738384896
1317,12734217216
1318,12730542022
1319,12718643200
1320,12678660096
1321,12673284096
1322,12659998720
1323,12657583120
1324,12655624192
1325,12633876480
1326,12575826944
1327,12558108248
1328,12547505152
1329,12486383675
1330,12464701440
1331,12452083712
1332,12446452736
1333,12431229952
1334,12411939015
1335,12404494644
1336,12388540416
1337,12384010240
1338,12371984384
1339,12371614720
1340,12370668544
1341,12369510400
1342,12368599040
1343,12339582976
1344,12332283904
1345,12331861711
1346,12312511488
1347,12303070208
1348,12282561536
1349,12280579291
1350,12270713073
1351,12255522351
1352,12255340544
1353,12231054336
1354,12211216602
1355,12210357248
1356,12182389244
1357,12179935091
1358,12158236672
1359,12148286765
1360,12135643249
1361,12133585327
1362,12126180027
1363,12114259968
1364,12110232576
1365,12095300155
1366,12074174745
1367,12033511918
1368,12014125176
1369,11990035063
1370,11969501184
1371,11968694272
1372,11939799843
1373,11937492992
1374,11931284480
1375,11930706218
1376,11922292154
1377,11915255808
1378,11888843209
1379,11876393984
1380,11855860736
1381,11826235392
1382,11818628096
1383,11810082816
1384,11809439744
1385,11800816565
1386,11774412800
1387,11755705344
1388,11744290764
1389,11736375296
1390,11735051513
1391,11710812109
1392,11656003584
1393,11654010369
1394,11644920832
1395,11640516608
1396,11624239104
1397,11610438656
1398,11581894656
1399,11575647232
1400,11573211136
1401,11572174848
1402,11563700224
1403,11533256601
1404,11526345728
1405,11520636524
1406,11506479104
1407,11498940416
1408,11494939648
1409,11453495387
1410,11451271168
1411,11393797120
1412,11390723072
1413,11384535401
1414,11374605312
1415,11371346944
1416,11367663616
1417,11317721819
1418,11310057138
1419,11305976832
1420,11289454592
1421,11278139296
1422,11258945536
1423,11240710907
1424,11228726080
1425,11228644352
1426,11216020480
1427,11208555520
1428,11193734837
1429,11192739840
1430,11188093415
1431,11179840512
1432,11150608384
1433,11141694464
1434,11137816576
1435,11134551040
1436,11133351950
1437,11132620800
1438,11124329472
1439,11123489584
1440,11122555904
1441,11120824038
1442,11084147308
1443,11070401536
1444,11053603829
1445,11051258880
1446,11029988352
1447,11026688941
1448,11008446371
1449,10997282199
1450,10991487899
1451,10977560953
1452,10940731871
1453,10931599360
1454,10916617216
1455,10915250159
1456,10909032770
1457,10902213723
1458,10897975296
1459,10874768384
1460,10869900608
1461,10863931392
1462,10860884992
1463,10859026432
1464,10855324248
1465,10842315372
1466,10833852416
1467,10827917515
1468,10822770089
1469,10806869540
1470,10804768768
1471,10786002833
1472,10778086340
1473,10774371329
1474,10769999872
1475,10734659584
1476,10729680993
1477,10716153856
1478,10711675126
1479,10702998394
1480,10689979470
1481,10634349098
1482,10634277888
1483,10621434131
1484,10611661824
1485,10608162816
1486,10598375424
1487,10595356672
1488,10591775744
1489,10584255036
1490,10578052096
1491,10571127808
1492,10551749632
1493,10546183520
1494,10515307759
1495,10514900992
1496,10482193408
1497,10480610304
1498,10479641147
1499,10474988544
1500,10465732082
1501,10456007680
1502,10429093620
1503,10426530505
1504,10421546419
1505,10410894336
1506,10410042428
1507,10405239031
1508,10401266688
1509,10400195584
1510,10392154055
1511,10382165201
1512,10374551734
1513,10360061952
1514,10348572672
1515,10347241472
1516,10340280925
1517,10330344448
1518,10313961935
1519,10301236224
1520,10300032000
1521,10237690308
1522,10233198592
1523,10231206912
1524,10227613696
1525,10224744448
1526,10222643887
1527,10209913295
1528,10207424512
1529,10194380800
1530,10188312576
1531,10186247168
1532,10174745138
1533,10165226496
1534,10163332096
1535,10161321984
1536,10147463168
1537,10142702561
1538,10132512768
1539,10116934982
1540,10096191488
1541,10093294592
1542,10093221888
1543,10090346496
1544,10083520740
1545,10067191145
1546,10064976896
1547,10031771648
1548,10031733760
1549,10024455297
1550,10021921499
1551,9996592093
1552,9991091051
1553,9966419968
1554,9953502208
1555,9941492736
1556,9924317184
1557,9902579796
1558,9890830336
1559,9889391436
1560,9861526189
1561,9852741632
1562,9833801449
1563,9823390720
1564,9820799250
1565,9807593315
1566,9802769408
1567,9784990383
1568,9772800768
1569,9772689408
1570,9769076736
1571,9766128640
1572,9760509303
1573,9756154880
1574,9740043963
1575,9732123305
1576,9728277680
1577,9704315904
1578,9700118336
1579,9686852881
1580,9685903291
1581,9678441129
1582,9653204425
1583,9652835944
1584,9651298304
1585,9645822976
1586,9639815165
1587,9631551488
1588,9623454896
1589,9611406336
1590,9606863076
1591,9600755712
1592,9596016372
1593,9579832073
1594,9569881088
1595,9563939840
1596,9561963051
1597,9561226240
1598,9557476768
1599,9544009728
1600,9543926784
1601,9538665472
1602,9531547648
1603,9524318787
1604,9519559680
1605,9517963323
1606,9501728768
1607,9447995449
1608,9437197312
1609,9434941762
1610,9433458781
1611,9424026138
1612,9415376896
1613,9414801408
1614,9393983056
1615,9387103232
1616,9381453824
1617,9371664384
1618,9355371065
1619,9341784064
1620,9337580544
1621,9332268032
1622,9332260864
1623,9331465216
1624,9328095762
1625,9319149958
1626,9317941521
1627,9310403037
1628,9307720146
1629,9292796048
1630,9283487744
1631,9278253284
1632,9273456842
1633,9260393321
1634,9253474304
1635,9253409792
1636,9246203634
1637,9237130240
1638,9229347840
1639,9216698439
1640,9152879616
1641,9150779392
1642,9128784885
1643,9126364160
1644,9116378112
1645,9114357760
1646,9113759744
1647,9099909120
1648,9069052928
1649,9063260160
1650,9062623231
1651,9056413451
1652,9055416771
1653,9041784937
1654,9041154048
1655,9034405439
1656,9023414272
1657,9011332897
1658,9008711264
1659,9005310836
1660,8998743040
1661,8988743973
1662,8970030080
1663,8966426624
1664,8966177792
1665,8952266943
1666,8949379935
1667,8947505152
1668,8945830712
1669,8897887848
1670,8892523520
1671,8881665995
1672,8881661952
1673,8878026752
1674,8876970329
1675,8867161595
1676,8852842642
1677,8850477937
1678,8821947392
1679,8815256142
1680,8812837888
1681,8811098112
1682,8796061001
1683,8788152191
1684,8783855010
1685,8772760537
1686,8772646545
1687,8770199552
1688,8768506664
1689,8756439040
1690,8740330496
1691,8711330971
1692,8710015515
1693,8702621696
1694,8693363084
1695,8682362880
1696,8675205120
1697,8662807552
1698,8660694016
1699,8639830879
1700,8639620096
1701,8639617024
1702,8631193600
1703,8622906361
1704,8616685743
1705,8613862836
1706,8606427024
1707,8604896659
1708,8600891392
1709,8572749770
1710,8569556992
1711,8562101760
1712,8555236352
1713,8546182475
1714,8537933052
1715,8512130560
1716,8508166144
1717,8505796852
1718,8499546112
1719,8498996224
1720,8493104640
1721,8484383232
1722,8463990029
1723,8446455725
1724,8430484654
1725,8429041753
1726,8429019489
1727,8425148134
1728,8414436600
1729,8412633088
1730,8412497408
1731,8408657408
1732,8399879453
1733,8399181312
1734,8368163840
1735,8364627760
1736,8343146683
1737,8341703908
1738,8338899513
1739,8337716736
1740,8336448372
1741,8327842304
1742,8323926449
1743,8312643909
1744,8302166016
1745,8291785728
1746,8287046656
1747,8277865472
1748,8271989739
1749,8256697856
1750,8246901760
1751,8244197208
1752,8242914557
1753,8232981504
1754,8228278412
1755,8222739202
1756,8219734528
1757,8218105998
1758,8216155555
1759,8191326038
1760,8183930880
1761,8182127616
1762,8180153856
1763,8174396779
1764,8155180032
1765,8143378944
1766,8132332561
1767,8131383808
1768,8129304064
1769,8122072064
1770,8116221300
1771,8100259239
1772,8099572816
1773,8099434496
1774,8097717248
1775,8096492544
1776,8095316480
1777,8093576170
1778,8092855337
1779,8085087744
1780,8078705119
1781,8069946398
1782,8066525184
1783,8064209408
1784,8041637888
1785,8035065856
1786,8018963456
1787,8014475916
1788,8012934656
1789,8008704512
1790,8002092076
1791,8001307648
1792,7980945408
1793,7971790848
1794,7969234432
1795,7966210048
1796,7955280384
1797,7947216877
1798,7945870817
1799,7945620216
1800,7942823936
1801,7939780608
1802,7934950400
1803,7933263450
1804,7929698816
1805,7927627622
1806,7925951905
1807,7915784704
1808,7913334706
1809,7906244608
1810,7904388608
1811,7888356708
1812,7887839744
1813,7883980673
1814,7879645137
1815,7877969001
1816,7871188992
1817,7853839872
1818,7852245504
1819,7847419392
1820,7845171849
1821,7837494591
1822,7837346816
1823,7833849189
1824,7832452122
1825,7825537200
1826,7821509632
1827,7815549952
1828,7813740544
1829,7806855624
1830,7796100608
1831,7784827392
1832,7779662157
1833,7777502720
1834,7759723520
1835,7759117294
1836,7753839103
1837,7741130037
1838,7735241728
1839,7717037056
1840,7713830400
1841,7711490039
1842,7692866560
1843,7686665728
1844,7686099968
1845,7685218677
1846,7669098496
1847,7665951744
1848,7663669994
1849,7663158784
1850,7655300608
1851,7653749760
1852,7647357074
1853,7644665965
1854,7640903631
1855,7640721408
1856,7628835328
1857,7610496512
1858,7604183300
1859,7589676491
1860,7588963955
1861,7578539008
1862,7569149764
1863,7565529600
1864,7553001472
1865,7547640832
1866,7544595968
1867,7536575952
1868,7536014785
1869,7534097168
1870,7533969408
1871,7520710916
1872,7518317568
1873,7517980415
1874,7517707776
1875,7511686980
1876,7498820096
1877,7487958226
1878,7487142912
1879,7483191296
1880,7477903872
1881,7473612288
1882,7464196096
1883,7461916500
1884,7452764030
1885,7438795759
1886,7433172544
1887,7427445065
1888,7421370880
1889,7415244800
1890,7413299487
1891,7411461120
1892,7396777984
1893,7383275008
1894,7381440591
1895,7375511040
1896,7374212096
1897,7372025344
1898,7371976250
1899,7368457324
1900,7367598080
1901,7366829056
1902,7360748032
1903,7360253440
1904,7336287409
1905,7329583508
1906,7317887488
1907,7308641454
1908,7303104842
1909,7293325824
1910,7284514304
1911,7283844409
1912,7264989839
1913,7261183021
1914,7252291584
1915,7250682368
1916,7247614464
1917,7246622644
1918,7238868480
1919,7231246533
1920,7222904320
1921,7222601216
1922,7194713600
1923,7193203482
1924,7181629952
1925,7180620800
1926,7177622997
1927,7168016896
1928,7167647744
1929,7162351019
1930,7161890623
1931,7161047040
1932,7155170599
1933,7148084038
1934,7147941497
1935,7147054258
1936,7140136960
1937,7137932598
1938,7133119488
1939,7112978615
1940,7111800832
1941,7101496832
1942,7086985804
1943,7085192327
1944,7072285696
1945,7069598499
1946,7063361536
1947,7056650752
1948,7051012327
1949,7047189504
1950,7041117184
1951,7032171008
1952,7031599104
1953,7031051081
1954,7027236352
1955,7027009539
1956,7025216512
1957,7022524416
1958,7016409600
1959,7014225655
1960,7008537088
1961,7006610944
1962,7005513400
1963,7001637255
1964,6975055308
1965,6974007296
1966,6970156032
1967,6939154944
1968,6933420032
1969,6922122240
1970,6918531204
1971,6914969096
1972,6913716224
1973,6911022596
1974,6908757961
1975,6893870161
1976,6888892416
1977,6885487616
1978,6884973568
1979,6878266368
1980,6870128128
1981,6870106265
1982,6866404987
1983,6862857863
1984,6857128960
1985,6854683136
1986,6852603392
1987,6851685376
1988,6839703552
1989,6835812352
1990,6835360256
1991,6806598990
1992,6806429510
1993,6802100127
1994,6800726016
1995,6799240192
1996,6794112000
1997,6787781120
1998,6767223862
1999,6762083840
2000,6753639092
2001,6747156485
2002,6745140736
2003,6741377913
2004,6721720898
2005,6718552116
2006,6702784512
2007,6700824772
2008,6697993728
2009,6696669696
2010,6694917911
2011,6692126720
2012,6682838528
2013,6681555456
2014,6680404992
2015,6672026211
2016,6670449152
2017,6669582204
2018,6666107392
2019,6663786449
2020,6663512576
2021,6661785976
2022,6661473830
2023,6656119808
2024,6654802175
2025,6619744256
2026,6613490176
2027,6609112697
2028,6603555328
2029,6594288221
2030,6580420032
2031,6578958848
2032,6545163264
2033,6542161408
2034,6539273728
2035,6537160640
2036,6536960277
2037,6533176320
2038,6530894336
2039,6522949185
2040,6521703936
2041,6511361298
2042,6507966464
2043,6506036225
2044,6499902464
2045,6497052232
2046,6488481280
2047,6481169751
2048,6474581156
2049,6462708224
2050,6460854801
2051,6452942881
2052,6434951680
2053,6430422016
2054,6428950528
2055,6419729971
2056,6413589504
2057,6410771456
2058,6407526436
2059,6404506481
2060,6392280585
2061,6378844569
2062,6374401024
2063,6371840512
2064,6369968017
2065,6363082572
2066,6344733804
2067,6340094909
2068,6334973440
2069,6333786112
2070,6333778956
2071,6317979136
2072,6317659136
2073,6315181568
2074,6301374939
2075,6296006705
2076,6288386159
2077,6280156409
2078,6270115446
2079,6267610624
2080,6259845614
2081,6258498560
2082,6257550429
2083,6237920256
2084,6230196224
2085,6216028160
2086,6215909888
2087,6210536604
2088,6206363602
2089,6204754944
2090,6198135720
2091,6193665357
2092,6188676096
2093,6186472448
2094,6184681472
2095,6183910400
2096,6173027328
2097,6168900673
2098,6168220364
2099,6165009920
2100,6160268995
2101,6158707200
2102,6158384128
2103,6154709673
2104,6149169664
2105,6148680816
2106,6147938652
2107,6136988672
2108,6134234739
2109,6124141628
2110,6123665408
2111,6122370650
2112,6121274368
2113,6114393600
2114,6112957243
2115,6109280684
2116,6106126244
2117,6098110300
2118,6090782114
2119,6085544448
2120,6081429073
2121,6071954988
2122,6071571968
2123,6070975488
2124,6054620160
2125,6044851200
2126,6044222255
2127,6043797504
2128,6043182592
2129,6042655906
2130,6041667427
2131,6040909172
2132,6038843392
2133,6031334630
2134,6020482048
2135,6009079574
2136,5996397056
2137,5994682840
2138,5994367078
2139,5993767936
2140,5986564464
2141,5984249672
2142,5974445568
2143,5974023168
2144,5973720576
2145,5973586944
2146,5961716888
2147,5954475000
2148,5945533952
2149,5939968000
2150,5938426368
2151,5935619584
2152,5930336768
2153,5928638464
2154,5925626880
2155,5924371143
2156,5919803392
2157,5908547072
2158,5902982656
2159,5902491284
2160,5883767808
2161,5879319940
2162,5876210176
2163,5875484691
2164,5864093184
2165,5861948416
2166,5858569485
2167,5857979392
2168,5856169472
2169,5854477312
2170,5850656768
2171,5850157568
2172,5846783423
2173,5846601064
2174,5840240640
2175,5837598720
2176,5837260288
2177,5830108531
2178,5828271104
2179,5827682244
2180,5826317566
2181,5824985088
2182,5822983680
2183,5813010100
2184,5812248339
2185,5809844224
2186,5808531678
2187,5807096891
2188,5800088576
2189,5793844224
2190,5792399872
2191,5786359808
2192,5779983360
2193,5779392000
2194,5778518209
2195,5776549376
2196,5773320606
2197,5769589320
2198,5769194358
2199,5767903232
2200,5762783744
2201,5758464322
2202,5752067628
2203,5742391570
2204,5740311064
2205,5738397696
2206,5733904152
2207,5725419824
2208,5724643367
2209,5719549952
2210,5718141952
2211,5699680634
2212,5692005496
2213,5681817088
2214,5677076558
2215,5672447488
2216,5670911488
2217,5668167763
2218,5666786641
2219,5665343488
2220,5663897088
2221,5659834880
2222,5655507465
2223,5649584495
2224,5648631707
2225,5626793307
2226,5617178751
2227,5608984948
2228,5606876160
2229,5598486070
2230,5594739026
2231,5590804480
2232,5590159360
2233,5581735316
2234,5581473557
2235,5558036992
2236,5546293429
2237,5538299904
2238,5537665548
2239,5527316170
2240,5526607360
2241,5524878848
2242,5520789504
2243,5501356544
2244,5498594816
2245,5494466048
2246,5486830178
2247,5484796890
2248,5483523243
2249,5473265664
2250,5470928384
2251,5467478528
2252,5460861952
2253,5459305042
2254,5450181148
2255,5448719360
2256,5447309061
2257,5446688768
2258,5444799716
2259,5443756544
2260,5442741248
2261,5436741632
2262,5436575887
2263,5432500131
2264,5425967752
2265,5424360570
2266,5417935404
2267,5416868864
2268,5414829780
2269,5412677632
2270,5400258560
2271,5384924937
2272,5377946624
2273,5372677632
2274,5356340387
2275,5347683840
2276,5343292693
2277,5342492377
2278,5331728384
2279,5330468253
2280,5328824320
2281,5328263709
2282,5326345728
2283,5325154196
2284,5323972608
2285,5322217681
2286,5312268288
2287,5309569024
2288,5305701376
2289,5305578496
2290,5298928344
2291,5296692224
2292,5291943805
2293,5291121932
2294,5289952744
2295,5289075725
2296,5277710336
2297,5276861952
2298,5268763648
2299,5267852865
2300,5258281022
2301,5256355357
2302,5252487057
2303,5250681469
2304,5248243200
2305,5247208695
2306,5234410007
2307,5232840282
2308,5227986432
2309,5221513728
2310,5221451776
2311,5220927268
2312,5219311616
2313,5215779177
2314,5210743744
2315,5198105088
2316,5191019520
2317,5188271104
2318,5185648128
2319,5185508352
2320,5184088915
2321,5168544704
2322,5165633860
2323,5163698176
2324,5163611136
2325,5160994816
2326,5150521856
2327,5142167552
2328,5138250240
2329,5136605766
2330,5126782464
2331,5121371300
2332,5118025872
2333,5104608175
2334,5103585280
2335,5101039616
2336,5100580864
2337,5098210990
2338,5093370930
2339,5076499968
2340,5069933056
2341,5065923584
2342,5059116544
2343,5058839040
2344,5056797581
2345,5056399872
2346,5053148945
2347,5050420736
2348,5044154612
2349,5042235904
2350,5042180096
2351,5038694912
2352,5032875008
2353,5031205888
2354,5030808404
2355,5026246144
2356,5017627136
2357,5012624326
2358,4998301696
2359,4994298880
2360,4992310272
2361,4989633536
2362,4988429018
2363,4987301346
2364,4985461285
2365,4981999104
2366,4977617408
2367,4970884096
2368,4966094336
2369,4964734464
2370,4963251894
2371,4948315648
2372,4945349120
2373,4942949376
2374,4942757074
2375,4941983858
2376,4941301760
2377,4935081995
2378,4930761774
2379,4926316868
2380,4917415424
2381,4916727296
2382,4908784128
2383,4904928256
2384,4903800320
2385,4899191296
2386,4896928768
2387,4896402229
2388,4890245017
2389,4890071552
2390,4886384834
2391,4885985280
2392,4883273218
2393,4881770496
2394,4878685184
2395,4868760857
2396,4859067904
2397,4856031503
2398,4856029696
2399,4853630837
2400,4835796792
2401,4835744707
2402,4824771072
2403,4821390336
2404,4819396608
2405,4817873408
2406,4817540096
2407,4809624576
2408,4808989696
2409,4808340480
2410,4802933796
2411,4799497174
2412,4798784512
2413,4795644416
2414,4792204288
2415,4790121251
2416,4785074688
2417,4781436928
2418,4772775936
2419,4772224000
2420,4771850240
2421,4770465280
2422,4767018496
2423,4759115776
2424,4758330368
2425,4757040128
2426,4756646912
2427,4752868932
2428,4749888512
2429,4743010304
2430,4740371456
2431,4739988992
2432,4736509440
2433,4734255616
2434,4733671822
2435,4732215827
2436,4726935666
2437,4718517760
2438,4714208256
2439,4706511872
2440,4702857975
2441,4688359424
2442,4687668224
2443,4687093051
2444,4681119232
2445,4680432436
2446,4676597760
2447,4673687040
2448,4666422272
2449,4660473067
2450,4654006497
2451,4649886720
2452,4647634944
2453,4647439872
2454,4646273538
2455,4642035712
2456,4638244352
2457,4636726784
2458,4636278272
2459,4633994240
2460,4629093376
2461,4624772608
2462,4621682688
2463,4619720192
2464,4619478016
2465,4614361088
2466,4611985197
2467,4600584704
2468,4599879680
2469,4597793620
2470,4597003264
2471,4594341376
2472,4583676416
2473,4581723648
2474,4575401417
2475,4564294656
2476,4551640576
2477,4549731558
2478,4546016256
2479,4545237399
2480,4540101120
2481,4535179776
2482,4527563776
2483,4527243776
2484,4523150848
2485,4521739089
2486,4517283328
2487,4514595823
2488,4506198528
2489,4502379520
2490,4501132800
2491,4495865182
2492,4492516112
2493,4492076481
2494,4487555584
2495,4486632448
2496,4481667072
2497,4480125440
2498,4474492928
2499,4473917700
2500,4472116128
2501,4470522368
2502,4466195968
2503,4464443774
2504,4462508032
2505,4461120512
2506,4459966464
2507,4455752704
2508,4454226742
2509,4448803328
2510,4448592384
2511,4445805056
2512,4445710257
2513,4439120896
2514,4435118294
2515,4427043328
2516,4423671335
2517,4418994207
2518,4417829450
2519,4415205750
2520,4411801684
2521,4406070784
2522,4402379776
2523,4398210560
2524,4396809436
2525,4394381152
2526,4393825792
2527,4390310912
2528,4387613344
2529,4386765824
2530,4385266806
2531,4376953344
2532,4373361508
2533,4372349440
2534,4370379776
2535,4356609826
2536,4356206146
2537,4353722880
2538,4351308288
2539,4347514018
2540,4346938368
2541,4342242935
2542,4337249280
2543,4334946304
2544,4331836794
2545,4328830976
2546,4327832306
2547,4323825152
2548,4322576896
2549,4315352064
2550,4315176960
2551,4313105633
2552,4310662144
2553,4310034432
2554,4308463104
2555,4302094336
2556,4299675015
2557,4292262517
2558,4290110976
2559,4289361214
2560,4285817344
2561,4285140480
2562,4284764599
2563,4275580687
2564,4270905088
2565,4268417378
2566,4268044544
2567,4267757056
2568,4263794944
2569,4258397937
2570,4258108766
2571,4258108416
2572,4254076672
2573,4254019584
2574,4251498240
2575,4248647936
2576,4246180806
2577,4242456683
2578,4239604414
2579,4237632768
2580,4237452288
2581,4236598528
2582,4234415104
2583,4221021621
2584,4220740190
2585,4218115584
2586,4209379894
2587,4204043008
2588,4201616896
2589,4201090304
2590,4194981632
2591,4194172928
2592,4191235234
2593,4185191168
2594,4183525724
2595,4181291008
2596,4180045568
2597,4178753233
2598,4177024000
2599,4174872064
2600,4173933280
2601,4166481664
2602,4156789504
2603,4156694528
2604,4152522752
2605,4145553946
2606,4144931584
2607,4142764800
2608,4132387584
2609,4130240763
2610,4129298176
2611,4120062405
2612,4109565692
2613,4106500846
2614,4106192930
2615,4104802304
2616,4104656424
2617,4096256057
2618,4088550118
2619,4081936384
2620,4079738624
2621,4077716224
2622,4076333568
2623,4074018816
2624,4073720064
2625,4071583628
2626,4068734208
2627,4063779072
2628,4060404480
2629,4056553984
2630,4054733824
2631,4052263023
2632,4046039040
2633,4036337101
2634,4036036864
2635,4033813135
2636,4031071488
2637,4029988184
2638,4028708985
2639,4027564032
2640,4022365440
2641,4019053137
2642,4018520832
2643,4017560576
2644,4015067648
2645,4014516480
2646,4008188672
2647,4003265792
2648,4002478911
2649,4001875297
2650,4000032309
2651,3999760128
2652,3998710784
2653,3988736000
2654,3987832064
2655,3980530432
2656,3973206236
2657,3971389440
2658,3970000128
2659,3962246504
2660,3956345856
2661,3956028416
2662,3954958420
2663,3954061361
2664,3952705024
2665,3951393280
2666,3939055047
2667,3936417280
2668,3936017007
2669,3933617920
2670,3926988420
2671,3921423872
2672,3921021596
2673,3920880640
2674,3918635008
2675,3917690112
2676,3915119872
2677,3914735616
2678,3910604943
2679,3909913312
2680,3909138176
2681,3906031136
2682,3903771136
2683,3903089664
2684,3899073792
2685,3898365952
2686,3894399488
2687,3894293760
2688,3894067278
2689,3893247423
2690,3892313600
2691,3889675264
2692,3888066560
2693,3877978880
2694,3876963328
2695,3876811264
2696,3868778666
2697,3868620972
2698,3866878208
2699,3860734976
2700,3860490948
2701,3860358656
2702,3859849023
2703,3857598464
2704,3857235456
2705,3855582558
2706,3851104256
2707,3843654912
2708,3841693952
2709,3839686144
2710,3835840512
2711,3835037851
2712,3834964992
2713,3832873057
2714,3831780352
2715,3829522835
2716,3827380391
2717,3822660864
2718,3821887432
2719,3812757089
2720,3810435170
2721,3808152320
2722,3804099610
2723,3803767040
2724,3802716672
2725,3798728308
2726,3797782272
2727,3797760000
2728,3795846006
2729,3791563604
2730,3788199168
2731,3788018432
2732,3781370381
2733,3779262720
2734,3777647360
2735,3774758400
2736,3772910375
2737,3772783872
2738,3770273792
2739,3766752258
2740,3764056832
2741,3763117312
2742,3762667682
2743,3761060864
2744,3758550231
2745,3754249728
2746,3753426176
2747,3751105024
2748,3748617866
2749,3747797306
2750,3743532032
2751,3739662848
2752,3739639529
2753,3738055680
2754,3723843069
2755,3716159232
2756,3713697280
2757,3700095125
2758,3699552512
2759,3695161196
2760,3685637748
2761,3681710592
2762,3679054686
2763,3678723915
2764,3673929387
2765,3673151744
2766,3672080625
2767,3670984192
2768,3669992704
2769,3668660736
2770,3667859968
2771,3666957568
2772,3665742336
2773,3665144576
2774,3660876288
2775,3656416024
2776,3654457856
2777,3646060544
2778,3644492800
2779,3640586240
2780,3639844218
2781,3636376320
2782,3630001199
2783,3629749352
2784,3619803997
2785,3615253248
2786,3614204416
2787,3610803712
2788,3610094336
2789,3610001408
2790,3608423693
2791,3606959194
2792,3600643584
2793,3600070435
2794,3599947264
2795,3598356992
2796,3596808448
2797,3593332736
2798,3591520512
2799,3589794048
2800,3582258432
2801,3581502208
2802,3580115265
2803,3578616576
2804,3572382091
2805,3571291392
2806,3567599030
2807,3567102464
2808,3565206272
2809,3564986880
2810,3564826962
2811,3564124151
2812,3563482880
2813,3560217088
2814,3552619264
2815,3548634300
2816,3546261504
2817,3545437440
2818,3543604970
2819,3540525135
2820,3539441920
2821,3538334464
2822,3537061376
2823,3531969024
2824,3531591424
2825,3531389440
2826,3530298368
2827,3529758976
2828,3524628224
2829,3523870208
2830,3522658816
2831,3520132652
2832,3519556096
2833,3514806016
2834,3509969664
2835,3505582592
2836,3504827392
2837,3503549496
2838,3494312316
2839,3488751824
2840,3486948352
2841,3483079718
2842,3479971328
2843,3473448704
2844,3470710009
2845,3462144000
2846,3460914176
2847,3459558656
2848,3458850048
2849,3458255360
2850,3457243648
2851,3456242944
2852,3454654976
2853,3452888320
2854,3451943424
2855,3445387377
2856,3438736887
2857,3438279936
2858,3437830656
2859,3427130343
2860,3423520512
2861,3422101504
2862,3415698944
2863,3415076188
2864,3402526464
2865,3401137408
2866,3400001280
2867,3398922240
2868,3398355456
2869,3396747008
2870,3395532032
2871,3391779840
2872,3390095467
2873,3387995713
2874,3386621184
2875,3385377536
2876,3381018787
2877,3379599261
2878,3372820992
2879,3370026240
2880,3367333888
2881,3358122733
2882,3356672866
2883,3352306601
2884,3351229784
2885,3345188352
2886,3344099328
2887,3341516544
2888,3341034496
2889,3339412224
2890,3335132672
2891,3329851136
2892,3329218304
2893,3322913024
2894,3321648384
2895,3319623168
2896,3310621952
2897,3309397951
2898,3308662680
2899,3307864055
2900,3306880282
2901,3305481728
2902,3304842240
2903,3298858752
2904,3294417664
2905,3294148428
2906,3293755678
2907,3293357568
2908,3292581376
2909,3288580352
2910,3286201344
2911,3282898176
2912,3280193792
2913,3279336448
2914,3279288800
2915,3278772992
2916,3261558272
2917,3258445902
2918,3256503606
2919,3253968143
2920,3251828103
2921,3251197325
2922,3246721311
2923,3245680498
2924,3244600620
2925,3239103744
2926,3238410258
2927,3237053440
2928,3236891229
2929,3234815744
2930,3233880205
2931,3233861688
2932,3231123968
2933,3229750784
2934,3226323712
2935,3220102912
2936,3214079568
2937,3211912448
2938,3211463424
2939,3199699712
2940,3195774720
2941,3195578368
2942,3194670336
2943,3187657454
2944,3186939532
2945,3183984640
2946,3182258944
2947,3182164379
2948,3177541376
2949,3174212690
2950,3174037901
2951,3173459301
2952,3169637632
2953,3161924864
2954,3159011730
2955,3158961152
2956,3154754304
2957,3154468150
2958,3148416256
2959,3147501312
2960,3147157248
2961,3146364978
2962,3144873472
2963,3137872250
2964,3137082880
2965,3136446720
2966,3133122816
2967,3131161856
2968,3130495488
2969,3128809728
2970,3128460288
2971,3128071680
2972,3124977920
2973,3124306176
2974,3123518443
2975,3121569024
2976,3121409792
2977,3120404480
2978,3119857664
2979,3117621760
2980,3114203392
2981,3113353216
2982,3109682176
2983,3107532288
2984,3107407616
2985,3105009408
2986,3103732480
2987,3100841978
2988,3100690944
2989,3094506386
2990,3091810011
2991,3089427712
2992,3088909464
2993,3087629824
2994,3083158143
2995,3083102813
2996,3082471168
2997,3079153300
2998,3078172928
2999,3074927352
3000,3073038592
3001,3070959360
3002,3070318592
3003,3064686080
3004,3063844096
3005,3063451581
3006,3061349120
3007,3061262848
3008,3060812544
3009,3059545856
3010,3052582400
3011,3052028416
3012,3051957248
3013,3051093970
3014,3049793536
3015,3046732032
3016,3043400447
3017,3041694208
3018,3040023040
3019,3036337664
3020,3035915008
3021,3033241088
3022,3024175194
3023,3023949056
3024,3023052045
3025,3021093632
3026,3016336896
3027,3012443904
3028,3011440896
3029,3009372928
3030,3009302986
3031,3009185792
3032,3008438528
3033,3008005879
3034,3004478976
3035,3003503872
3036,2999121768
3037,2995219968
3038,2992011008
3039,2990863872
3040,2982394112
3041,2977830656
3042,2977701376
3043,2977252352
3044,2976912128
3045,2976677756
3046,2968113152
3047,2964975477
3048,2964291823
3049,2960623872
3050,2958526294
3051,2957202861
3052,2952096000
3053,2950319616
3054,2950291200
3055,2949573632
3056,2949108480
3057,2948419072
3058,2947351552
3059,2946103951
3060,2944048510
3061,2939117056
3062,2939082240
3063,2938571776
3064,2937278210
3065,2936225536
3066,2927411968
3067,2926764340
3068,2922433280
3069,2921458432
3070,2920625285
3071,2919280896
3072,2919069184
3073,2918103476
3074,2912904704
3075,2911956567
3076,2911817728
3077,2907520000
3078,2901104128
3079,2900371456
3080,2898704384
3081,2897637405
3082,2897614336
3083,2896960495
3084,2895225088
3085,2889767168
3086,2882490112
3087,2882264320
3088,2878754560
3089,2877612597
3090,2877467982
3091,2876921856
3092,2871030784
3093,2870934784
3094,2869582770
3095,2869137722
3096,2869130240
3097,2868187136
3098,2865004649
3099,2861005312
3100,2857137332
3101,2856601088
3102,2855910826
3103,2853701049
3104,2851372800
3105,2850808061
3106,2845444352
3107,2842963456
3108,2838757214
3109,2837377536
3110,2836771659
3111,2833595044
3112,2829327104
3113,2828771533
3114,2825160448
3115,2824934400
3116,2824593664
3117,2824410624
3118,2821454383
3119,2820112384
3120,2813133824
3121,2810343424
3122,2808124928
3123,2803743232
3124,2802856960
3125,2800980080
3126,2799577325
3127,2798634496
3128,2797507584
3129,2797140480
3130,2796076288
3131,2795835721
3132,2795536384
3133,2794914560
3134,2790910720
3135,2789967455
3136,2789871872
3137,2789287797
3138,2786349144
3139,2785687096
3140,2782178816
3141,2781239808
3142,2780838912
3143,2778323712
3144,2777671168
3145,2776933888
3146,2773108736
3147,2772182352
3148,2770184043
3149,2769286400
3150,2767437312
3151,2765547520
3152,2763233792
3153,2762030848
3154,2761146624
3155,2759991296
3156,2754087168
3157,2751623424
3158,2750469632
3159,2749761536
3160,2747871488
3161,2745936100
3162,2745469952
3163,2738432040
3164,2732500480
3165,2731708177
3166,2729881856
3167,2727308032
3168,2726255360
3169,2724812985
3170,2724287722
3171,2722008064
3172,2719487488
3173,2715530542
3174,2713575680
3175,2711482624
3176,2708876544
3177,2705524224
3178,2702072576
3179,2701648640
3180,2697650438
3181,2697125192
3182,2694762496
3183,2689700864
3184,2688523776
3185,2687692726
3186,2684830487
3187,2681139968
3188,2679272960
3189,2674209792
3190,2666385152
3191,2666334208
3192,2665078326
3193,2664939470
3194,2664553728
3195,2664227952
3196,2663756288
3197,2659284992
3198,2657487360
3199,2656913664
3200,2653570816
3201,2652542824
3202,2650955494
3203,2644831744
3204,2644283136
3205,2644235520
3206,2641582781
3207,2641060943
3208,2632420864
3209,2627928064
3210,2627294720
3211,2624787968
3212,2623306496
3213,2619268864
3214,2618931984
3215,2616343552
3216,2615697408
3217,2611876608
3218,2600660480
3219,2600440832
3220,2600188160
3221,2599727104
3222,2591726425
3223,2590104576
3224,2588522491
3225,2587921408
3226,2586700544
3227,2586083328
3228,2583461153
3229,2580197376
3230,2579419648
3231,2579394304
3232,2575064576
3233,2574272000
3234,2567198660
3235,2565758720
3236,2564943940
3237,2562132492
3238,2555437056
3239,2554211328
3240,2551654912
3241,2551646464
3242,2550888192
3243,2547046144
3244,2546255161
3245,2545008128
3246,2540239104
3247,2538903552
3248,2533566976
3249,2530407002
3250,2528450560
3251,2526904576
3252,2524534272
3253,2522437632
3254,2519939840
3255,2514316032
3256,2514083072
3257,2513872128
3258,2510607360
3259,2503729408
3260,2501901967
3261,2501852416
3262,2501286144
3263,2500983808
3264,2497152768
3265,2493558784
3266,2489276416
3267,2489254656
3268,2483273984
3269,2482332160
3270,2481602560
3271,2480518656
3272,2476023441
3273,2474770384
3274,2473892864
3275,2470297344
3276,2469707776
3277,2463661824
3278,2463073054
3279,2461723251
3280,2458050816
3281,2456986624
3282,2454020608
3283,2450609759
3284,2444152064
3285,2440163840
3286,2439700992
3287,2436179801
3288,2435816704
3289,2435427584
3290,2432726272
3291,2428784128
3292,2425951488
3293,2425538048
3294,2425368576
3295,2422291200
3296,2418607180
3297,2417147468
3298,2415763532
3299,2413799424
3300,2412141521
3301,2409824768
3302,2405663744
3303,2403775733
3304,2400411392
3305,2396687872
3306,2393703936
3307,2393507072
3308,2382645301
3309,2382644992
3310,2382245376
3311,2379763456
3312,2379318379
3313,2378691658
3314,2377317906
3315,2377096704
3316,2370676992
3317,2365329152
3318,2360506112
3319,2359753216
3320,2357827927
3321,2357073152
3322,2355013888
3323,2352860160
3324,2352070144
3325,2351210105
3326,2344499926
3327,2343474432
3328,2342480896
3329,2340628480
3330,2339984640
3331,2338390938
3332,2338333440
3333,2336653568
3334,2336562176
3335,2335527168
3336,2334563840
3337,2332998144
3338,2326043136
3339,2323152640
3340,2322405376
3341,2321745786
3342,2319748096
3343,2319453841
3344,2318952960
3345,2318907392
3346,2318552902
3347,2311315968
3348,2304985615
3349,2303590656
3350,2302262784
3351,2302041538
3352,2301724928
3353,2301054196
3354,2300954503
3355,2299295744
3356,2297629184
3357,2297274624
3358,2291691776
3359,2288562605
3360,2288224492
3361,2288164812
3362,2283823360
3363,2282567936
3364,2278847654
3365,2278332160
3366,2277478400
3367,2276278528
3368,2275668098
3369,2274534400
3370,2273786880
3371,2273250048
3372,2272966656
3373,2272032256
3374,2271453696
3375,2270507000
3376,2268267008
3377,2266222848
3378,2264153344
3379,2262832896
3380,2258877952
3381,2258467101
3382,2257270329
3383,2257030296
3384,2253874176
3385,2251902208
3386,2247899658
3387,2246441472
3388,2239613952
3389,2238740992
3390,2235909376
3391,2235335936
3392,2234905600
3393,2234013952
3394,2227290368
3395,2224256000
3396,2221659392
3397,2221171712
3398,2220179712
3399,2218867712
3400,2216241799
3401,2215252736
3402,2211565312
3403,2211154176
3404,2210320896
3405,2210132224
3406,2208656128
3407,2206075136
3408,2204041774
3409,2202631168
3410,2200948992
3411,2199439992
3412,2197983744
3413,2196081920
3414,2196031232
3415,2192456448
3416,2192071114
3417,2184619008
3418,2183083008
3419,2175535360
3420,2171046400
3421,2170912019
3422,2163133440
3423,2161285221
3424,2159836679
3425,2158070528
3426,2156827648
3427,2154005248
3428,2152827392
3429,2151603094
3430,2150522112
3431,2148984064
3432,2145838720
3433,2144455515
3434,2142860544
3435,2142307968
3436,2141239168
3437,2139719257
3438,2138680960
3439,2138635904
3440,2137365632
3441,2137336576
3442,2136905728
3443,2133386112
3444,2133297280
3445,2127857536
3446,2127428992
3447,2127408512
3448,2126672555
3449,2126574336
3450,2126230656
3451,2123878144
3452,2123641728
3453,2122904448
3454,2122773035
3455,2122642816
3456,2120185088
3457,2119989383
3458,2118680064
3459,2118608512
3460,2116780689
3461,2109954432
3462,2109878656
3463,2107225505
3464,2106638336
3465,2105016576
3466,2104840053
3467,2104760576
3468,2100472704
3469,2091080320
3470,2090027066
3471,2088921271
3472,2088800512
3473,2088798720
3474,2086094336
3475,2084955008
3476,2077397120
3477,2075706368
3478,2074312832
3479,2074221568
3480,2073334912
3481,2073180800
3482,2072906880
3483,2071808128
3484,2070566272
3485,2069537792
3486,2068515840
3487,2067885274
3488,2066822400
3489,2064301068
3490,2063519232
3491,2063510144
3492,2062660478
3493,2062540160
3494,2061977943
3495,2061628800
3496,2061583898
3497,2060335488
3498,2058754560
3499,2056691990
3500,2052263296
3501,2051849728
3502,2051599104
3503,2051270656
3504,2050813297
3505,2050022912
3506,2049915602
3507,2049839360
3508,2048924160
3509,2047696768
3510,2047261554
3511,2046185984
3512,2045712128
3513,2044272896
3514,2043695499
3515,2043560064
3516,2042496896
3517,2041346995
3518,2038826368
3519,2038765440
3520,2037165056
3521,2036967040
3522,2035697327
3523,2029640176
3524,2028732160
3525,2026901248
3526,2025813632
3527,2025628303
3528,2024173440
3529,2022514601
3530,2022028416
3531,2021961216
3532,2020454460
3533,2020227968
3534,2020140032
3535,2018748672
3536,2016037376
3537,2015633280
3538,2014496462
3539,2013393765
3540,2008846976
3541,2008662359
3542,2008408395
3543,2007808128
3544,2007142656
3545,2003553920
3546,2001618560
3547,1998587066
3548,1997145286
3549,1996552832
3550,1995464705
3551,1995294720
3552,1993418496
3553,1992306644
3554,1991191680
3555,1990477568
3556,1990025088
3557,1985045632
3558,1982374484
3559,1979878950
3560,1979395712
3561,1975461632
3562,1975441920
3563,1974386304
3564,1973167488
3565,1970673664
3566,1970617088
3567,1965837056
3568,1965671424
3569,1965388544
3570,1963062400
3571,1959137408
3572,1953428352
3573,1952990163
3574,1952612992
3575,1952183936
3576,1952124800
3577,1950852992
3578,1950411904
3579,1949851904
3580,1948897408
3581,1948276480
3582,1946409728
3583,1944816256
3584,1943139968
3585,1942060672
3586,1941391104
3587,1941187337
3588,1939950080
3589,1936107904
3590,1930565888
3591,1929911128
3592,1929682304
3593,1929602067
3594,1926946816
3595,1924086912
3596,1917872640
3597,1917226496
3598,1915385797
3599,1915151232
3600,1914947712
3601,1914259840
3602,1911907328
3603,1911044608
3604,1910615936
3605,1910350464
3606,1906108416
3607,1905916093
3608,1904967424
3609,1900879080
3610,1897437952
3611,1897268352
3612,1895981122
3613,1895084032
3614,1894709514
3615,1893256423
3616,1893243259
3617,1892083584
3618,1886832640
3619,1882682752
3620,1882436224
3621,1882390272
3622,1880163386
3623,1877300992
3624,1874778240
3625,1872361856
3626,1870479744
3627,1869715712
3628,1868112165
3629,1865788288
3630,1865033728
3631,1863712000
3632,1862638976
3633,1858825472
3634,1858200192
3635,1857792256
3636,1856489600
3637,1856024576
3638,1853933952
3639,1850825472
3640,1850741073
3641,1847721600
3642,1845797080
3643,1845265897
3644,1840991872
3645,1838129792
3646,1835870336
3647,1833119616
3648,1833039014
3649,1832802944
3650,1831720961
3651,1829626666
3652,1827457920
3653,1826496384
3654,1826135424
3655,1819895808
3656,1819788032
3657,1817735936
3658,1815740416
3659,1812211104
3660,1811708160
3661,1809937028
3662,1809624891
3663,1808474368
3664,1807091968
3665,1801246848
3666,1798843248
3667,1795855317
3668,1792937472
3669,1790899717
3670,1787377280
3671,1786001024
3672,1784468992
3673,1784214272
3674,1782979968
3675,1780768047
3676,1780335547
3677,1780171008
3678,1774162816
3679,1771217536
3680,1767503488
3681,1765867136
3682,1765565440
3683,1764856192
3684,1764155648
3685,1763565952
3686,1761196928
3687,1754176512
3688,1752908288
3689,1752373120
3690,1750137600
3691,1750102528
3692,1742391808
3693,1741050624
3694,1740876255
3695,1740874124
3696,1739000960
3697,1738906116
3698,1737168910
3699,1737140608
3700,1737138816
3701,1734553717
3702,1731318912
3703,1728738944
3704,1727269632
3705,1725790336
3706,1725670784
3707,1724502762
3708,1722797440
3709,1718872064
3710,1718244736
3711,1715999744
3712,1714612096
3713,1713563776
3714,1713316736
3715,1711990528
3716,1709078272
3717,1708220887
3718,1707867904
3719,1706183040
3720,1705485184
3721,1704933009
3722,1704551296
3723,1704542976
3724,1702783104
3725,1700708352
3726,1697652988
3727,1695949440
3728,1694033314
3729,1691549568
3730,1687966208
3731,1687611648
3732,1685330048
3733,1678507927
3734,1678345693
3735,1676989696
3736,1673822615
3737,1669636480
3738,1668864768
3739,1667840640
3740,1667477406
3741,1667154944
3742,1666633488
3743,1666290788
3744,1663117952
3745,1662767926
3746,1661863680
3747,1660828288
3748,1659775360
3749,1658709120
3750,1657210368
3751,1654863232
3752,1652900608
3753,1652232192
3754,1652144546
3755,1651609472
3756,1650593269
3757,1650137088
3758,1647152749
3759,1644213931
3760,1639890688
3761,1639852160
3762,1636432312
3763,1636188032
3764,1635625984
3765,1635065000
3766,1632377728
3767,1629597568
3768,1626435897
3769,1625996544
3770,1625571328
3771,1624382720
3772,1622780544
3773,1620032000
3774,1617270784
3775,1617188352
3776,1616532224
3777,1614508800
3778,1612351694
3779,1611340928
3780,1607990144
3781,1602535808
3782,1602470016
3783,1602360960
3784,1601546240
3785,1601281664
3786,1600454656
3787,1594407250
3788,1594317952
3789,1593216384
3790,1590843776
3791,1590724224
3792,1589461760
3793,1589269376
3794,1588713728
3795,1587790848
3796,1587699328
3797,1587324544
3798,1585217536
3799,1583731968
3800,1583241856
3801,1581846784
3802,1580921216
3803,1579848192
3804,1578681865
3805,1577707850
3806,1577214080
3807,1576547456
3808,1575389056
3809,1575106432
3810,1574966933
3811,1573547520
3812,1573172096
3813,1572695296
3814,1567414400
3815,1566255744
3816,1564992000
3817,1564720640
3818,1562386432
3819,1560605184
3820,1557751424
3821,1557568256
3822,1556057600
3823,1556025088
3824,1554270208
3825,1554063480
3826,1552999552
3827,1543979008
3828,1543440768
3829,1541342464
3830,1539323877
3831,1538775168
3832,1536630784
3833,1536480000
3834,1536456960
3835,1535498240
3836,1534215296
3837,1533200896
3838,1532942080
3839,1529388032
3840,1528182522
3841,1524239360
3842,1523856608
3843,1523018368
3844,1521884160
3845,1517102976
3846,1516074880
3847,1511686016
3848,1511120549
3849,1510189952
3850,1507782656
3851,1505191808
3852,1502684719
3853,1502515840
3854,1499808512
3855,1498457984
3856,1497158016
3857,1493673039
3858,1493582080
3859,1492214983
3860,1491671936
3861,1491500416
3862,1490026624
3863,1489892224
3864,1489867648
3865,1487942528
3866,1487898752
3867,1487866752
3868,1486238336
3869,1481423488
3870,1478899968
3871,1476165632
3872,1475865600
3873,1474696064
3874,1470766996
3875,1470433536
3876,1469879936
3877,1469722240
3878,1469282560
3879,1468013952
3880,1467972480
3881,1467698944
3882,1465788847
3883,1464816512
3884,1464699392
3885,1459448064
3886,1458766848
3887,1457004280
3888,1456647798
3889,1454658560
3890,1454093056
3891,1453864325
3892,1452015778
3893,1451078656
3894,1449905292
3895,1449742080
3896,1449140736
3897,1448618990
3898,1445585152
3899,1444087424
3900,1442480256
3901,1441792384
3902,1441197824
3903,1435961344
3904,1434306935
3905,1431252301
3906,1429706624
3907,1427923968
3908,1427320077
3909,1427007104
3910,1422831360
3911,1421442048
3912,1419762683
3913,1419226624
3914,1418420096
3915,1417057024
3916,1416207488
3917,1415669248
3918,1415059328
3919,1414779008
3920,1414630528
3921,1412349184
3922,1412104320
3923,1411561904
3924,1410563745
3925,1410420608
3926,1409948928
3927,1408340992
3928,1407955584
3929,1406962586
3930,1406344576
3931,1406163712
3932,1405263801
3933,1401099136
3934,1400312192
3935,1397073408
3936,1396880512
3937,1395924629
3938,1394737664
3939,1391484288
3940,1390676173
3941,1390340608
3942,1389296640
3943,1389200256
3944,1388419072
3945,1386423808
3946,1384657170
3947,1383989751
3948,1383869824
3949,1383145600
3950,1377868672
3951,1376808320
3952,1375940614
3953,1374420864
3954,1373342464
3955,1372558720
3956,1372412672
3957,1371491968
3958,1370891648
3959,1370746624
3960,1369408427
3961,1368721291
3962,1367588961
3963,1365689871
3964,1364781842
3965,1364658944
3966,1363030016
3967,1362432000
3968,1359925120
3969,1358372683
3970,1355337260
3971,1353503073
3972,1353001820
3973,1352165632
3974,1351992064
3975,1351862784
3976,1351035392
3977,1350055040
3978,1348953856
3979,1348578048
3980,1341274880
3981,1341268864
3982,1339153792
3983,1338085248
3984,1336803712
3985,1336486784
3986,1336389632
3987,1336294272
3988,1336184320
3989,1334770560
3990,1334064640
3991,1332990464
3992,1330918349
3993,1329597312
3994,1329452800
3995,1328203149
3996,1327340416
3997,1327238656
3998,1326203520
3999,1326127360
4000,1324278784
4001,1322966400
4002,1321458944
4003,1320453760
4004,1319137792
4005,1319019904
4006,1317343744
4007,1316425600
4008,1314302208
4009,1313879040
4010,1312097645
4011,1309762037
4012,1309319424
4013,1308248320
4014,1307022976
4015,1304628889
4016,1303574155
4017,1301394816
4018,1299691904
4019,1297794048
4020,1295535488
4021,1294536192
4022,1292367360
4023,1292133376
4024,1288661248
4025,1288522368
4026,1288006870
4027,1287328042
4028,1287270656
4029,1285080330
4030,1284674688
4031,1284468096
4032,1283858390
4033,1282861056
4034,1280486272
4035,1280442496
4036,1274438912
4037,1273350400
4038,1273063680
4039,1270757984
4040,1267085184
4041,1266088792
4042,1260129024
4043,1259470208
4044,1257932032
4045,1257138048
4046,1257062959
4047,1256995840
4048,1256701312
4049,1253386496
4050,1253054592
4051,1251336064
4052,1250569984
4053,1249722644
4054,1246843653
4055,1246568320
4056,1243100416
4057,1240991360
4058,1240482162
4059,1240181632
4060,1239742464
4061,1238363520
4062,1237437368
4063,1237351936
4064,1236615040
4065,1235948672
4066,1233632128
4067,1229725056
4068,1228359680
4069,1227574016
4070,1225249664
4071,1223513088
4072,1222971264
4073,1222269312
4074,1221703936
4075,1221105152
4076,1219861248
4077,1219068256
4078,1218417024
4079,1217544064
4080,1217217291
4081,1217186176
4082,1216731967
4083,1216658192
4084,1216348544
4085,1215980672
4086,1213460480
4087,1212429952
4088,1210616510
4089,1209417344
4090,1208039600
4091,1207577856
4092,1206364416
4093,1206127232
4094,1205562496
4095,1205087686
4096,1203245264
4097,1202313984
4098,1202308224
4099,1201523200
4100,1201443073
4101,1201436672
4102,1199535616
4103,1198351872
4104,1197193969
4105,1195630592
4106,1194967552
4107,1194523904
4108,1193803392
4109,1191685891
4110,1190766336
4111,1189696384
4112,1188502656
4113,1188248960
4114,1187212928
4115,1185581312
4116,1185362048
4117,1180454656
4118,1177727978
4119,1175835359
4120,1174768640
4121,1174373248
4122,1174097591
4123,1172990501
4124,1172654976
4125,1172415232
4126,1172094592
4127,1171668608
4128,1171624720
4129,1168321685
4130,1167157053
4131,1164436096
4132,1162666112
4133,1161774080
4134,1161266432
4135,1159937436
4136,1159903488
4137,1159772892
4138,1159192064
4139,1157874048
4140,1155606191
4141,1155292288
4142,1151980800
4143,1150615168
4144,1150597120
4145,1150519296
4146,1150350720
4147,1149048553
4148,1147497600
4149,1147268480
4150,1145289728
4151,1143061464
4152,1142961792
4153,1140072576
4154,1139075200
4155,1138929231
4156,1138522624
4157,1138055040
4158,1136836183
4159,1136589440
4160,1136018021
4161,1132838016
4162,1130585856
4163,1130155278
4164,1129633152
4165,1129572608
4166,1128576768
4167,1127887104
4168,1127020416
4169,1126107264
4170,1125812224
4171,1123298747
4172,1121115136
4173,1119929728
4174,1119186688
4175,1119156096
4176,1113893120
4177,1109731456
4178,1108154496
4179,1106011392
4180,1105860736
4181,1105253153
4182,1103624704
4183,1103060864
4184,1101500544
4185,1101196928
4186,1101191111
4187,1095533083
4188,1095099436
4189,1094973348
4190,1092165550
4191,1091566208
4192,1088648576
4193,1087552896
4194,1087452800
4195,1086928000
4196,1086893721
4197,1085470464
4198,1080401626
4199,1078307328
4200,1077991936
4201,1077472512
4202,1076501009
4203,1076498944
4204,1073729137
4205,1072119104
4206,1070645760
4207,1069080640
4208,1068616830
4209,1067611712
4210,1066403520
4211,1064993408
4212,1063728532
4213,1063255232
4214,1063232066
4215,1061102272
4216,1058369088
4217,1058105920
4218,1057678592
4219,1057416192
4220,1055531968
4221,1055187584
4222,1055149760
4223,1054710779
4224,1054709632
4225,1054579200
4226,1052345088
4227,1051094866
4228,1050554867
4229,1049297280
4230,1048947392
4231,1048769397
4232,1044674688
4233,1040162137
4234,1039489343
4235,1038051968
4236,1037004032
4237,1036069184
4238,1034731904
4239,1034273792
4240,1033328298
4241,1032904361
4242,1031636794
4243,1029894784
4244,1027773501
4245,1026958336
4246,1026648512
4247,1025930496
4248,1025904384
4249,1025725184
4250,1025265088
4251,1024058624
4252,1023744000
4253,1021073242
4254,1020740630
4255,1019457984
4256,1018551616
4257,1016268685
4258,1015220288
4259,1015177493
4260,1012702528
4261,1011108368
4262,1011014793
4263,1010913472
4264,1010862912
4265,1010860288
4266,1010596800
4267,1009927616
4268,1009223424
4269,1009123520
4270,1006944512
4271,1006329005
4272,1006125120
4273,999755200
4274,999080768
4275,998964928
4276,998667648
4277,995030976
4278,994409280
4279,993843456
4280,992434624
4281,991736064
4282,990248512
4283,990205248
4284,989669248
4285,986868416
4286,983534272
4287,982214656
4288,979747520
4289,979512896
4290,978717888
4291,977489280
4292,976410368
4293,975691328
4294,975671744
4295,973986816
4296,973148928
4297,972715037
4298,972019968
4299,971457408
4300,971419712
4301,971092864
4302,970742464
4303,970210176
4304,968821812
4305,968796621
4306,968607936
4307,968584704
4308,966341931
4309,966084736
4310,963832320
4311,962257152
4312,960321591
4313,959714112
4314,959292608
4315,958477056
4316,956703936
4317,956703296
4318,956467904
4319,956396393
4320,956313616
4321,955588667
4322,952281920
4323,951997376
4324,951205996
4325,950784448
4326,950743872
4327,950523840
4328,950234496
4329,947395712
4330,947235136
4331,945755840
4332,945064256
4333,944138816
4334,944038528
4335,943501248
4336,942919680
4337,942896000
4338,941556862
4339,940267008
4340,939808704
4341,937081984
4342,935678657
4343,934913856
4344,934867712
4345,933622080
4346,933034368
4347,932643840
4348,930731605
4349,929034432
4350,928215936
4351,926704429
4352,925565694
4353,925460485
4354,924697602
4355,922753536
4356,922492416
4357,922357376
4358,921802496
4359,921460916
4360,919651264
4361,919199744
4362,916900480
4363,915889856
4364,915791616
4365,914152832
4366,913839040
4367,910080233
4368,909416320
4369,907728832
4370,907185600
4371,906202176
4372,905319680
4373,904531968
4374,902796021
4375,902312448
4376,900785920
4377,900195456
4378,899632768
4379,896143660
4380,895174016
4381,894160128
4382,892075904
4383,891816192
4384,890702336
4385,889741824
4386,889318363
4387,888894080
4388,888892578
4389,888176704
4390,888086208
4391,886643392
4392,886122368
4393,886066112
4394,883389696
4395,883366016
4396,882196177
4397,881763968
4398,881333632
4399,880212544
4400,880009664
4401,879587776
4402,878393984
4403,878364800
4404,878331776
4405,877166336
4406,877128640
4407,874543232
4408,870470400
4409,869761408
4410,867373056
4411,866393472
4412,864668544
4413,863887936
4414,862853184
4415,862525632
4416,862354432
4417,859816512
4418,858114752
4419,856932928
4420,856773184
4421,856403712
4422,854284032
4423,853975552
4424,852753611
4425,852564160
4426,852498816
4427,852336640
4428,852194752
4429,851458560
4430,850914176
4431,850691904
4432,849257920
4433,846743552
4434,846248192
4435,845677428
4436,845354496
4437,844981440
4438,843899392
4439,843198601
4440,841813440
4441,841774400
4442,841172416
4443,839634048
4444,839466304
4445,839323392
4446,838094016
4447,836199040
4448,835430784
4449,834854420
4450,833775680
4451,833647552
4452,833366592
4453,833260992
4454,832686912
4455,831377600
4456,831337280
4457,829601920
4458,829021184
4459,828235264
4460,827771136
4461,827733568
4462,827700096
4463,827330174
4464,825658880
4465,823403456
4466,822886272
4467,822780096
4468,822560640
4469,820403648
4470,817506432
4471,816988327
4472,816885120
4473,815398144
4474,814477257
4475,813776640
4476,813276096
4477,811893120
4478,810142976
4479,809733696
4480,809465749
4481,809236864
4482,807824192
4483,805522688
4484,805320128
4485,804812032
4486,804273088
4487,802689792
4488,802484480
4489,801228484
4490,800274176
4491,799466816
4492,797044672
4493,796477504
4494,795882235
4495,795613568
4496,795518976
4497,795019124
4498,793625683
4499,790281060
4500,789838016
4501,788809216
4502,788317184
4503,788242112
4504,787689409
4505,787060118
4506,781494848
4507,780635648
4508,780634240
4509,780115200
4510,779855040
4511,779517207
4512,778571200
4513,778379133
4514,777442752
4515,776581440
4516,776254016
4517,775096832
4518,773606400
4519,773451072
4520,772048256
4521,770091520
4522,769101632
4523,768414188
4524,767167424
4525,767035648
4526,766815936
4527,766582080
4528,764815232
4529,764569408
4530,764250880
4531,763019904
4532,762975232
4533,761936128
4534,761717888
4535,758730688
4536,758632384
4537,758375232
4538,758214528
4539,757042688
4540,756018176
4541,752665280
4542,752502080
4543,749733632
4544,749714240
4545,749111424
4546,748884864
4547,747870976
4548,747077248
4549,743994752
4550,743701766
4551,741716224
4552,741437376
4553,740605248
4554,739765952
4555,738846746
4556,734282560
4557,733726976
4558,732548096
4559,731244878
4560,730994880
4561,729924608
4562,729071489
4563,728745600
4564,727543616
4565,727322816
4566,727286976
4567,727269888
4568,726732032
4569,726232896
4570,726045376
4571,724750912
4572,723812928
4573,722239192
4574,721385664
4575,719406314
4576,719009694
4577,718527808
4578,717910400
4579,716627584
4580,714858880
4581,714613632
4582,713285824
4583,713137472
4584,713002880
4585,711464000
4586,711115328
4587,711094016
4588,711091648
4589,710457856
4590,710271232
4591,710173504
4592,707971968
4593,707971584
4594,707687616
4595,707608320
4596,705602432
4597,703907840
4598,703213184
4599,702498545
4600,701230976
4601,700809759
4602,700581056
4603,700230464
4604,698765378
4605,698625024
4606,697970112
4607,697402624
4608,696495040
4609,696357824
4610,696068864
4611,694778112
4612,693348160
4613,693251968
4614,693099968
4615,692651269
4616,692438176
4617,692348224
4618,690774400
4619,689988672
4620,688383488
4621,688124992
4622,686748480
4623,686738880
4624,683899310
4625,682831872
4626,682080576
4627,681878144
4628,681124367
4629,679760576
4630,678740672
4631,677701120
4632,677278016
4633,675553664
4634,672531072
4635,669692928
4636,669305600
4637,666814208
4638,664883008
4639,662561280
4640,662135872
4641,659682176
4642,658863680
4643,656272512
4644,656248896
4645,655322048
4646,654685806
4647,653504000
4648,653095616
4649,652252647
4650,650249280
4651,649998912
4652,649825408
4653,649673408
4654,649162161
4655,648497024
4656,648311616
4657,646567296
4658,646091904
4659,644670016
4660,644076416
4661,642970944
4662,642077504
4663,642066304
4664,639789440
4665,638910848
4666,636204800
4667,635819520
4668,634650240
4669,633569600
4670,632648000
4671,632021440
4672,631986944
4673,631790272
4674,631570176
4675,630743936
4676,629824896
4677,629143744
4678,627250560
4679,626831360
4680,626010880
4681,625685056
4682,625133632
4683,623813568
4684,622924608
4685,622344512
4686,622212160
4687,622030656
4688,621205184
4689,619296448
4690,618968000
4691,616186304
4692,612596992
4693,612147374
4694,611242334
4695,610889280
4696,609744701
4697,608417664
4698,608318720
4699,606621248
4700,604046080
4701,603645888
4702,603424629
4703,603058394
4704,602018432
4705,601704578
4706,601087296
4707,601030358
4708,600257088
4709,599660096
4710,598416064
4711,597927808
4712,597427392
4713,597216704
4714,596847424
4715,596674624
4716,596569152
4717,596134848
4718,595808464
4719,595085888
4720,594319424
4721,590654784
4722,589825216
4723,589560501
4724,588965184
4725,588744704
4726,588247616
4727,586363057
4728,585960182
4729,585449280
4730,585206784
4731,584560402
4732,583871872
4733,579516864
4734,578326912
4735,578188800
4736,578122176
4737,577628864
4738,577229696
4739,576431104
4740,575136954
4741,575071232
4742,572848384
4743,572542656
4744,571666688
4745,571555648
4746,571209344
4747,570915584
4748,570838226
4749,568875298
4750,567972416
4751,567713984
4752,567287849
4753,566511872
4754,566062958
4755,566051776
4756,563264326
4757,562812441
4758,561661248
4759,561242368
4760,561091327
4761,560667443
4762,559950016
4763,559883520
4764,559578112
4765,559517568
4766,558212672
4767,556154799
4768,555374784
4769,554305728
4770,553911092
4771,552302912
4772,551727424
4773,549834880
4774,546492032
4775,546434995
4776,545482975
4777,544737600
4778,542930688
4779,542797632
4780,540762752
4781,539329728
4782,538715392
4783,537920960
4784,537791616
4785,534979040
4786,534814912
4787,534576064
4788,533065536
4789,532636032
4790,532062515
4791,530997728
4792,530754208
4793,530097283
4794,529106632
4795,528831283
4796,528623616
4797,528483520
4798,526858976
4799,526175904
4800,525170144
4801,522819689
4802,521482329
4803,520298330
4804,519093152
4805,519018304
4806,517925952
4807,517849041
4808,516579008
4809,515168256
4810,515121216
4811,514826272
4812,514180608
4813,514106912
4814,513990656
4815,513404000
4816,513400000
4817,513369856
4818,512708480
4819,511862976
4820,511132864
4821,510093248
4822,509070464
4823,508877920
4824,508188128
4825,507634592
4826,507408320
4827,506913184
4828,506223648
4829,506000992
4830,505207424
4831,503422208
4832,503046976
4833,502876384
4834,501317930
4835,501040480
4836,500566080
4837,500519300
4838,499974254
4839,499885953
4840,498038016
4841,496773888
4842,496040096
4843,493586656
4844,493563616
4845,492566976
4846,491355904
4847,487727200
4848,487648960
4849,487097659
4850,485880992
4851,485804928
4852,485640128
4853,484838432
4854,484285184
4855,483772992
4856,482054272
4857,481942848
4858,481867360
4859,481811406
4860,481796870
4861,481059392
4862,480411552
4863,480262688
4864,480127360
4865,479546272
4866,479236640
4867,479196576
4868,477939687
4869,477224992
4870,476956256
4871,476720608
4872,476637472
4873,475715441
4874,475091520
4875,472886656
4876,472881337
4877,471261662
4878,470807968
4879,469436640
4880,468584064
4881,468574326
4882,466204957
4883,465956192
4884,465885024
4885,464694496
4886,464079008
4887,463485699
4888,461723328
4889,461661184
4890,461577600
4891,461025728
4892,458931168
4893,458408448
4894,457845696
4895,456031648
4896,455278500
4897,454318816
4898,454235200
4899,454069824
4900,453850505
4901,452289986
4902,451981088
4903,449583936
4904,448784256
4905,448057280
4906,447929856
4907,445786912
4908,444894324
4909,444861696
4910,444615584
4911,441529184
4912,441028480
4913,439869824
4914,438977632
4915,438347552
4916,438114368
4917,437843968
4918,437569376
4919,437352576
4920,436916384
4921,436284843
4922,436220873
4923,435671360
4924,433469554
4925,432874976
4926,432805184
4927,432219872
4928,432075840
4929,431777706
4930,431732691
4931,430828704
4932,429067456
4933,427955639
4934,427469204
4935,425952704
4936,425359808
4937,424679488
4938,423489869
4939,422736736
4940,422404958
4941,420644894
4942,420526272
4943,420482272
4944,419190528
4945,418140000
4946,417334432
4947,417005920
4948,416834080
4949,414443168
4950,412510976
4951,412315776
4952,410741824
4953,409293266
4954,407959200
4955,407556320
4956,405760704
4957,405489504
4958,404946784
4959,403885984
4960,403859488
4961,403481760
4962,402820135
4963,402625248
4964,400679230
4965,400515744
4966,399393696
4967,398821280
4968,398012754
4969,397938816
4970,397925375
4971,397820886
4972,397768608
4973,396866851
4974,396814144
4975,395996064
4976,395852872
4977,395152864
4978,394157536
4979,392340874
4980,392183179
4981,390951456
4982,390570368
4983,388944688
4984,386741696
4985,386696096
4986,384987616
4987,383523808
4988,382417728
4989,382145376
4990,379009056
4991,378354868
4992,376647655
4993,376369152
4994,373730494
4995,373424261
4996,372852416
4997,372139122
4998,371823072
4999,370812946
5000,370282631
5001,369765408
5002,369437952
5003,369415648
5004,368420896
5005,368240032
5006,368074144
5007,367829792
5008,367175168
5009,365948672
5010,365498176
5011,365306117
5012,364784128
5013,364420960
5014,364317792
5015,363930048
5016,363744928
5017,363227904
5018,361428608
5019,360989755
5020,359556736
5021,358755008
5022,357780160
5023,357743165
5024,357508268
5025,357382176
5026,357346624
5027,357255712
5028,353751434
5029,353405246
5030,353041344
5031,352932960
5032,352866464
5033,352579968
5034,352372928
5035,352215264
5036,351800992
5037,351738656
5038,350211840
5039,350145280
5040,349615337
5041,348746976
5042,347504352
5043,347452096
5044,347279552
5045,347079113
5046,346929344
5047,346339104
5048,346014732
5049,345705332
5050,345670336
5051,342611232
5052,342326592
5053,342109760
5054,342032062
5055,341298432
5056,340838904
5057,340331968
5058,340049248
5059,338889152
5060,338699001
5061,338404866
5062,338187878
5063,337662080
5064,337071840
5065,336381824
5066,335807680
5067,334773664
5068,334760064
5069,333854144
5070,333217504
5071,332373269
5072,332246368
5073,331607456
5074,331552960
5075,330349248
5076,330065632
5077,329841152
5078,328967520
5079,328369536
5080,327435957
5081,327362688
5082,327201536
5083,327175200
5084,327029888
5085,326914944
5086,326892800
5087,325865236
5088,324647367
5089,323930858
5090,323603104
5091,323401696
5092,321925632
5093,321795904
5094,321339008
5095,321127808
5096,320863383
5097,320793856
5098,319029952
5099,318483360
5100,317997014
5101,317066944
5102,316951485
5103,316923968
5104,316625376
5105,316278080
5106,316183360
5107,315876288
5108,315819136
5109,315756288
5110,315743040
5111,315395328
5112,314955136
5113,314792352
5114,314729728
5115,314509184
5116,314046560
5117,313617504
5118,313219520
5119,312740448
5120,312441152
5121,312108269
5122,311957173
5123,311356013
5124,311268736
5125,310602848
5126,310391488
5127,309898080
5128,309687823
5129,309627904
5130,309515353
5131,308552896
5132,308184843
5133,307806912
5134,307805632
5135,307212320
5136,306758720
5137,306704224
5138,306546240
5139,306448748
5140,306222752
5141,305544064
5142,304263869
5143,304071360
5144,303123951
5145,302498976
5146,302160606
5147,302024928
5148,301964363
5149,301743412
5150,301195762
5151,300884864
5152,299975840
5153,298806153
5154,298558880
5155,298267136
5156,297132832
5157,296412320
5158,295925920
5159,295896896
5160,294270176
5161,293968512
5162,293876064
5163,293492896
5164,293185728
5165,292898400
5166,291093048
5167,290786976
5168,290628864
5169,289145440
5170,288557319
5171,287599328
5172,287545056
5173,286935677
5174,286775296
5175,286616512
5176,286288384
5177,285893152
5178,285791072
5179,285599516
5180,285457344
5181,285050944
5182,284989664
5183,284970976
5184,283992672
5185,282863089
5186,282500128
5187,282239139
5188,282201248
5189,280408288
5190,280239407
5191,280161824
5192,280064845
5193,279701736
5194,279511406
5195,279366519
5196,279121184
5197,278843968
5198,278568544
5199,278047936
5200,277818304
5201,277346016
5202,276687026
5203,275426045
5204,273607424
5205,273196416
5206,272536768
5207,272499552
5208,271712160
5209,271190816
5210,270955200
5211,270188224
5212,270033056
5213,270022240
5214,269984384
5215,269037632
5216,268820768
5217,268517088
5218,267826864
5219,267698112
5220,266814016
5221,266750509
5222,265959712
5223,265928592
5224,264527472
5225,264211488
5226,264057056
5227,263787488
5228,263530864
5229,263220000
5230,262832448
5231,261694496
5232,261627200
5233,260374600
5234,260118160
5235,257087504
5236,256530976
5237,256263360
5238,256037943
5239,255060400
5240,252938320
5241,252393968
5242,252031841
5243,251406328
5244,249675264
5245,249465840
5246,248913552
5247,248478992
5248,248262032
5249,247460144
5250,247223552
5251,246926096
5252,246613618
5253,246087686
5254,246020672
5255,245676000
5256,244848896
5257,243941456
5258,243830592
5259,242739104
5260,242336672
5261,242325904
5262,241595904
5263,241268160
5264,240518832
5265,240357632
5266,239938144
5267,239674336
5268,239417641
5269,239241791
5270,239217216
5271,238773872
5272,238479646
5273,238409168
5274,238372016
5275,237752992
5276,237464587
5277,236611232
5278,236431207
5279,236056928
5280,235991568
5281,235606752
5282,235484544
5283,235428672
5284,235057296
5285,234358448
5286,234248080
5287,234219200
5288,233587728
5289,233483935
5290,233169698
5291,232965088
5292,232448048
5293,232296626
5294,232275056
5295,232231456
5296,232216070
5297,231391478
5298,231289758
5299,231167058
5300,230857056
5301,230439552
5302,229989189
5303,229592544
5304,229560176
5305,229391695
5306,228888720
5307,228334944
5308,227432128
5309,226013264
5310,225897246
5311,225896192
5312,225797984
5313,225728096
5314,225508080
5315,224573504
5316,224432825
5317,223276816
5318,222081184
5319,221921669
5320,220980432
5321,220655920
5322,220347536
5323,220237344
5324,219834832
5325,219639574
5326,219392425
5327,217584704
5328,216942928
5329,216085568
5330,216072064
5331,215623798
5332,214788480
5333,214443552
5334,214411200
5335,214321552
5336,213985456
5337,213600656
5338,212617088
5339,212321552
5340,211239104
5341,211118592
5342,210765568
5343,210700976
5344,210021280
5345,208767056
5346,208640528
5347,208552256
5348,208278000
5349,208222215
5350,208213232
5351,208002320
5352,207849699
5353,207528160
5354,207102761
5355,205921280
5356,205774480
5357,205448558
5358,205171838
5359,204284128
5360,203174656
5361,202507238
5362,202101277
5363,202094465
5364,201939184
5365,201204688
5366,201026048
5367,200876688
5368,200270528
5369,198765775
5370,198412224
5371,198148304
5372,196677216
5373,196561040
5374,196463520
5375,195562051
5376,195137936
5377,195116982
5378,195013280
5379,194633040
5380,194277328
5381,193437072
5382,193384800
5383,193155360
5384,192551888
5385,192311046
5386,192086592
5387,191050784
5388,190943148
5389,190873584
5390,190491140
5391,190401200
5392,190119666
5393,189001584
5394,188875312
5395,187273328
5396,187117600
5397,185767264
5398,185751360
5399,185658567
5400,184869008
5401,183737519
5402,182675300
5403,182483504
5404,181599919
5405,181439344
5406,181300231
5407,180626244
5408,180537386
5409,178845520
5410,178786192
5411,178741072
5412,178448608
5413,177394902
5414,177129920
5415,176715296
5416,174474448
5417,173834000
5418,172984334
5419,172902432
5420,172864608
5421,172695920
5422,172634240
5423,171522640
5424,171460624
5425,170106800
5426,170025488
5427,168939680
5428,168815344
5429,168430176
5430,168145232
5431,166848544
5432,166831408
5433,166617616
5434,166593807
5435,166324496
5436,165910272
5437,165877440
5438,165820688
5439,165799632
5440,165459264
5441,165029584
5442,164771984
5443,164560273
5444,164319408
5445,164241312
5446,164044192
5447,163668880
5448,163640992
5449,163397899
5450,162993616
5451,162894848
5452,162745344
5453,162598752
5454,162577824
5455,162212864
5456,161978848
5457,161728320
5458,161419536
5459,160468144
5460,160396272
5461,160112064
5462,159809853
5463,158523968
5464,158309861
5465,157424304
5466,157347920
5467,157164491
5468,156470336
5469,156013024
5470,155993968
5471,155987503
5472,155773376
5473,155485360
5474,155080320
5475,154516288
5476,154026432
5477,153536080
5478,153353488
5479,152548368
5480,152065696
5481,150457296
5482,150367984
5483,150281712
5484,150122080
5485,149957520
5486,148088816
5487,147912752
5488,147142400
5489,147138912
5490,146865344
5491,146366577
5492,146162891
5493,144372256
5494,144153040
5495,143646167
5496,143474944
5497,143264656
5498,142947440
5499,142597504
5500,141765281
5501,141652064
5502,141641360
5503,141377476
5504,140808473
5505,139473840
5506,139428544
5507,138814016
5508,138777722
5509,137871744
5510,137327120
5511,136570960
5512,136441280
5513,136387520
5514,136274048
5515,135658000
5516,135000000
5517,134697808
5518,134197248
5519,134099320
5520,133985504
5521,133612608
5522,133578720
5523,133321447
5524,133105264
5525,132307408
5526,132053128
5527,131489192
5528,131339058
5529,131127900
5530,131080000
5531,130974648
5532,129924896
5533,129049074
5534,128266176
5535,128179738
5536,128009824
5537,127831272
5538,127583800
5539,127146432
5540,126496320
5541,126101789
5542,126018568
5543,125737440
5544,125611320
5545,125425560
5546,125239832
5547,125209264
5548,124396451
5549,124306360
5550,124094592
5551,124005849
5552,123298248
5553,123042496
5554,123004880
5555,122874456
5556,122090024
5557,121686545
5558,119908848
5559,119720277
5560,119604736
5561,119190760
5562,118991840
5563,118989784
5564,118684544
5565,118552992
5566,118349040
5567,118280368
5568,118154400
5569,118102461
5570,117628488
5571,117547225
5572,117392120
5573,116565384
5574,115476448
5575,115475956
5576,114835664
5577,114584184
5578,114224264
5579,113922576
5580,113838472
5581,113792128
5582,113678632
5583,113015816
5584,112935952
5585,112486708
5586,111506112
5587,111306744
5588,110711384
5589,110440432
5590,110218168
5591,109786360
5592,109233520
5593,108517424
5594,108382992
5595,108047432
5596,107997632
5597,107788128
5598,107683512
5599,107271205
5600,107151976
5601,106980952
5602,106879856
5603,106857867
5604,104853104
5605,104432440
5606,104426400
5607,104321104
5608,104165952
5609,104079784
5610,104074179
5611,103980728
5612,103435192
5613,103124275
5614,103033808
5615,102039528
5616,102010744
5617,101796696
5618,101505492
5619,100443776
5620,100407408
5621,100204672
5622,99700352
5623,99410292
5624,98784312
5625,98098176
5626,98076528
5627,97295632
5628,95170520
5629,94709920
5630,94238232
5631,93951504
5632,93909544
5633,93883696
5634,93775976
5635,93562488
5636,93309048
5637,92794480
5638,92567696
5639,91920016
5640,91876080
5641,91804543
5642,91359090
5643,91265776
5644,91042424
5645,90813665
5646,90016648
5647,89993715
5648,89926760
5649,89303728
5650,88965624
5651,88958800
5652,88629072
5653,88588960
5654,88586866
5655,87942432
5656,87608752
5657,86853760
5658,86304168
5659,86030360
5660,85285344
5661,84458528
5662,84374869
5663,83837784
5664,83676600
5665,83561200
5666,83476432
5667,83448792
5668,83342822
5669,82830422
5670,82711992
5671,82549120
5672,82204528
5673,81568152
5674,81507586
5675,81317400
5676,81230336
5677,80516568
5678,79695000
5679,79632376
5680,79228545
5681,79011024
5682,78874694
5683,78558080
5684,77899956
5685,77779744
5686,76402752
5687,75933112
5688,75854088
5689,75766944
5690,75407400
5691,75020000
5692,74979200
5693,74716032
5694,74082496
5695,73962080
5696,73855328
5697,73300808
5698,73230464
5699,72448840
5700,72414112
5701,72199830
5702,71788800
5703,71647800
5704,71469640
5705,70483256
5706,70243216
5707,70055520
5708,69874680
5709,69712496
5710,69045176
5711,68952696
5712,68889744
5713,68861176
5714,68430208
5715,68427840
5716,68055192
5717,67903316
5718,67555400
5719,67488464
5720,67216304
5721,67197336
5722,66698076
5723,65604168
5724,64611340
5725,64499560
5726,64226224
5727,63682152
5728,63566800
5729,63441752
5730,63371520
5731,62397000
5732,62289192
5733,61721280
5734,61102548
5735,60485282
5736,60438308
5737,60341372
5738,60039604
5739,60033164
5740,60004192
5741,59642528
5742,59335112
5743,58899468
5744,58484604
5745,57549396
5746,57521181
5747,57393700
5748,57222044
5749,57003856
5750,56919136
5751,56552076
5752,56493564
5753,56184960
5754,55834640
5755,55754004
5756,55448212
5757,55360624
5758,55335032
5759,55297452
5760,55084532
5761,55010940
5762,54838040
5763,54754040
5764,54749096
5765,54552132
5766,54262100
5767,54243144
5768,54075688
5769,53830484
5770,53673472
5771,53630892
5772,52722252
5773,52226928
5774,51564540
5775,51368736
5776,51263080
5777,51138200
5778,50746244
5779,50561988
5780,50102844
5781,49939328
5782,49889272
5783,49656696
5784,49420756
5785,49243868
5786,49224744
5787,49068116
5788,48242720
5789,47637252
5790,46533960
5791,46428452
5792,46138416
5793,45619316
5794,45491628
5795,45217440
5796,44888380
5797,44126564
5798,43909536
5799,43788804
5800,43451992
5801,42938116
5802,42782620
5803,42642632
5804,42538508
5805,41739408
5806,41408176
5807,41165700
5808,41164396
5809,41160996
5810,41156072
5811,41155432
5812,41040900
5813,40084670
5814,39722972
5815,39313824
5816,39187932
5817,39122764
5818,39086372
5819,38642732
5820,38573920
5821,38562092
5822,38501888
5823,38253256
5824,38020892
5825,37901292
5826,37847096
5827,37578552
5828,36852992
5829,36761052
5830,36152280
5831,35913960
5832,35523956
5833,35466100
5834,35463804
5835,35245000
5836,35149816
5837,34543448
5838,34400260
5839,34379836
5840,34051700
5841,33621900
5842,33398099
5843,33313194
5844,33305532
5845,32861400
5846,32715608
5847,32656630
5848,32369900
5849,31461796
5850,31318816
5851,31255902
5852,31190034
5853,31110144
5854,30763852
5855,30656206
5856,30646002
5857,30505202
5858,29576690
5859,29443196
5860,29067584
5861,28440204
5862,28118604
5863,27938056
5864,27544752
5865,26556816
5866,26461464
5867,26081514
5868,25979852
5869,25312394
5870,25303086
5871,24873024
5872,24531636
5873,24424114
5874,24251190
5875,23853932
5876,23456280
5877,23412071
5878,22585840
5879,22226998
5880,22172112
5881,22149958
5882,21396202
5883,21292396
5884,21069498
5885,20970272
5886,20827712
5887,20696202
5888,20592796
5889,20363028
5890,20357726
5891,20185578
5892,20026108
5893,19528450
5894,19355290
5895,19197842
5896,19039216
5897,18956798
5898,18935754
5899,18688876
5900,17634510
5901,17447148
5902,16639505
5903,16518200
5904,16414358
5905,16103837
5906,15502326
5907,15447216
5908,14489328
5909,14453096
5910,14437422
5911,14392539
5912,13877892
5913,13485494
5914,12919604
5915,12356609
5916,11873533
5917,11844773
5918,11715873
5919,11712849
5920,11590128
5921,10783767
5922,9483948
5923,8453956
5924,6625147
5925,4280909
5926,2530010
5927,1240550
5928,212012
5929,0
5930,0
5931,0
5932,0
5933,0
5934,0
5935,0
5936,0
5937,0
5938,0
5939,0
5940,0
5941,0
5942,0
